[{"model": "admin.logentry", "pk": 1, "fields": {"action_time": "2021-02-26T11:49:52.768Z", "user": 1, "content_type": 7, "object_id": "1", "object_repr": "Director object (1)", "action_flag": 1, "change_message": "[{\"added\": {}}]"}}, {"model": "admin.logentry", "pk": 2, "fields": {"action_time": "2021-02-26T12:02:13.088Z", "user": 1, "content_type": 7, "object_id": "2", "object_repr": "цццццццццццц", "action_flag": 1, "change_message": "[{\"added\": {}}]"}}, {"model": "admin.logentry", "pk": 3, "fields": {"action_time": "2021-02-26T12:02:38.927Z", "user": 1, "content_type": 7, "object_id": "3", "object_repr": "уууууууууу", "action_flag": 1, "change_message": "[{\"added\": {}}]"}}, {"model": "admin.logentry", "pk": 4, "fields": {"action_time": "2021-02-26T13:07:13.072Z", "user": 1, "content_type": 7, "object_id": "3", "object_repr": "Алексеев Игорь Александрович", "action_flag": 2, "change_message": "[{\"changed\": {\"fields\": [\"\\u0424\\u0418\\u041e\", \"\\u0418\\u041d\\u041d\", \"\\u0414\\u0430\\u0442\\u0430 \\u0440\\u043e\\u0436\\u0434\\u0435\\u043d\\u0438\\u044f\", \"\\u041c\\u0435\\u0441\\u0442\\u043e \\u0440\\u043e\\u0436\\u0434\\u0435\\u043d\\u0438\\u044f\", \"\\u041d\\u043e\\u043c\\u0435\\u0440 \\u043f\\u0430\\u0441\\u043f\\u043e\\u0440\\u0442\\u0430\", \"\\u0414\\u0430\\u0442\\u0430 \\u0432\\u044b\\u0434\\u0430\\u0447\\u0438\", \"\\u041a\\u0435\\u043c \\u0432\\u044b\\u0434\\u0430\\u043d\", \"\\u041a\\u043e\\u0434 \\u043f\\u043e\\u0434\\u0440\\u0430\\u0437\\u0434\\u0435\\u043b\\u0435\\u043d\\u0438\\u044f\", \"\\u0423\\u043b\\u0438\\u0446\\u0430\", \"\\u0414\\u043e\\u043c\"]}}]"}}, {"model": "admin.logentry", "pk": 5, "fields": {"action_time": "2021-02-26T13:08:06.791Z", "user": 1, "content_type": 7, "object_id": "2", "object_repr": "Ананян Мартун Ашотович", "action_flag": 2, "change_message": "[{\"changed\": {\"fields\": [\"\\u0424\\u0418\\u041e\", \"\\u0418\\u041d\\u041d\", \"\\u0414\\u0430\\u0442\\u0430 \\u0440\\u043e\\u0436\\u0434\\u0435\\u043d\\u0438\\u044f\", \"\\u041c\\u0435\\u0441\\u0442\\u043e \\u0440\\u043e\\u0436\\u0434\\u0435\\u043d\\u0438\\u044f\", \"\\u041d\\u043e\\u043c\\u0435\\u0440 \\u043f\\u0430\\u0441\\u043f\\u043e\\u0440\\u0442\\u0430\", \"\\u0414\\u0430\\u0442\\u0430 \\u0432\\u044b\\u0434\\u0430\\u0447\\u0438\", \"\\u041a\\u0435\\u043c \\u0432\\u044b\\u0434\\u0430\\u043d\", \"\\u041a\\u043e\\u0434 \\u043f\\u043e\\u0434\\u0440\\u0430\\u0437\\u0434\\u0435\\u043b\\u0435\\u043d\\u0438\\u044f\", \"\\u0423\\u043b\\u0438\\u0446\\u0430\", \"\\u0414\\u043e\\u043c\"]}}]"}}, {"model": "admin.logentry", "pk": 6, "fields": {"action_time": "2021-02-26T13:09:14.310Z", "user": 1, "content_type": 7, "object_id": "1", "object_repr": "Безус Анастасия Викторовна", "action_flag": 2, "change_message": "[{\"changed\": {\"fields\": [\"\\u0424\\u0418\\u041e\", \"\\u0418\\u041d\\u041d\", \"\\u0414\\u0430\\u0442\\u0430 \\u0440\\u043e\\u0436\\u0434\\u0435\\u043d\\u0438\\u044f\", \"\\u041c\\u0435\\u0441\\u0442\\u043e \\u0440\\u043e\\u0436\\u0434\\u0435\\u043d\\u0438\\u044f\", \"\\u041d\\u043e\\u043c\\u0435\\u0440 \\u043f\\u0430\\u0441\\u043f\\u043e\\u0440\\u0442\\u0430\", \"\\u0414\\u0430\\u0442\\u0430 \\u0432\\u044b\\u0434\\u0430\\u0447\\u0438\", \"\\u041a\\u0435\\u043c \\u0432\\u044b\\u0434\\u0430\\u043d\", \"\\u041a\\u043e\\u0434 \\u043f\\u043e\\u0434\\u0440\\u0430\\u0437\\u0434\\u0435\\u043b\\u0435\\u043d\\u0438\\u044f\", \"\\u0423\\u043b\\u0438\\u0446\\u0430\", \"\\u0414\\u043e\\u043c\"]}}]"}}, {"model": "admin.logentry", "pk": 7, "fields": {"action_time": "2021-03-02T11:08:14.273Z", "user": 1, "content_type": 8, "object_id": "1", "object_repr": "Company object (1)", "action_flag": 1, "change_message": "[{\"added\": {}}]"}}, {"model": "admin.logentry", "pk": 8, "fields": {"action_time": "2021-03-02T11:14:51.339Z", "user": 1, "content_type": 8, "object_id": "2", "object_repr": "Company object (2)", "action_flag": 1, "change_message": "[{\"added\": {}}]"}}, {"model": "admin.logentry", "pk": 9, "fields": {"action_time": "2021-03-02T11:15:41.226Z", "user": 1, "content_type": 8, "object_id": "3", "object_repr": "Company object (3)", "action_flag": 1, "change_message": "[{\"added\": {}}]"}}, {"model": "admin.logentry", "pk": 10, "fields": {"action_time": "2021-03-02T11:43:05.210Z", "user": 1, "content_type": 8, "object_id": "4", "object_repr": "ООО \"Спецпоставка\"", "action_flag": 1, "change_message": "[{\"added\": {}}]"}}, {"model": "admin.logentry", "pk": 11, "fields": {"action_time": "2021-03-04T07:53:22.827Z", "user": 1, "content_type": 9, "object_id": "1", "object_repr": "Открытие", "action_flag": 1, "change_message": "[{\"added\": {}}]"}}, {"model": "admin.logentry", "pk": 12, "fields": {"action_time": "2021-03-04T07:57:18.135Z", "user": 1, "content_type": 10, "object_id": "1", "object_repr": "324>234>234>3", "action_flag": 1, "change_message": "[{\"added\": {}}]"}}, {"model": "admin.logentry", "pk": 13, "fields": {"action_time": "2021-03-04T12:00:11.932Z", "user": 1, "content_type": 9, "object_id": "2", "object_repr": "Альфа-Банк", "action_flag": 1, "change_message": "[{\"added\": {}}]"}}, {"model": "admin.logentry", "pk": 14, "fields": {"action_time": "2021-03-04T12:00:22.090Z", "user": 1, "content_type": 9, "object_id": "3", "object_repr": "Модуль-Банк", "action_flag": 1, "change_message": "[{\"added\": {}}]"}}, {"model": "admin.logentry", "pk": 15, "fields": {"action_time": "2021-03-04T18:25:42.222Z", "user": 1, "content_type": 10, "object_id": "2", "object_repr": "ООО \"Экопродукт\"|Открытие", "action_flag": 1, "change_message": "[{\"added\": {}}]"}}, {"model": "admin.logentry", "pk": 16, "fields": {"action_time": "2021-03-10T13:03:40.406Z", "user": 1, "content_type": 10, "object_id": "3", "object_repr": "ООО \"Экопродукт\"|Альфа-Банк", "action_flag": 1, "change_message": "[{\"added\": {}}]"}}, {"model": "admin.logentry", "pk": 17, "fields": {"action_time": "2021-03-10T19:54:21.272Z", "user": 1, "content_type": 10, "object_id": "4", "object_repr": "ООО \"ЭКОПРОДУКТ\"|Открытие", "action_flag": 1, "change_message": "[{\"added\": {}}]"}}, {"model": "admin.logentry", "pk": 18, "fields": {"action_time": "2021-03-10T19:54:29.113Z", "user": 1, "content_type": 10, "object_id": "5", "object_repr": "ООО \"ЭКОПРОДУКТ\"|Альфа-Банк", "action_flag": 1, "change_message": "[{\"added\": {}}]"}}, {"model": "admin.logentry", "pk": 19, "fields": {"action_time": "2021-03-10T19:54:44.138Z", "user": 1, "content_type": 10, "object_id": "6", "object_repr": "ООО \"ЭКОПРОДУКТ\"|Модуль-Банк", "action_flag": 1, "change_message": "[{\"added\": {}}]"}}, {"model": "admin.logentry", "pk": 20, "fields": {"action_time": "2021-03-10T19:56:03.280Z", "user": 1, "content_type": 10, "object_id": "7", "object_repr": "ООО \"Гринлайн\"|Открытие", "action_flag": 1, "change_message": "[{\"added\": {}}]"}}, {"model": "admin.logentry", "pk": 21, "fields": {"action_time": "2021-03-10T19:56:08.253Z", "user": 1, "content_type": 10, "object_id": "8", "object_repr": "ООО \"Гринлайн\"|Альфа-Банк", "action_flag": 1, "change_message": "[{\"added\": {}}]"}}, {"model": "admin.logentry", "pk": 22, "fields": {"action_time": "2021-03-10T19:56:18.024Z", "user": 1, "content_type": 10, "object_id": "9", "object_repr": "ООО \"Гринлайн\"|Модуль-Банк", "action_flag": 1, "change_message": "[{\"added\": {}}]"}}, {"model": "admin.logentry", "pk": 23, "fields": {"action_time": "2021-03-10T20:50:55.533Z", "user": 1, "content_type": 10, "object_id": "4", "object_repr": "ООО \"ЭКОПРОДУКТ\"|Открытие", "action_flag": 2, "change_message": "[{\"changed\": {\"fields\": [\"Balance\"]}}]"}}, {"model": "admin.logentry", "pk": 24, "fields": {"action_time": "2021-03-12T07:13:36.903Z", "user": 1, "content_type": 10, "object_id": "4", "object_repr": "ООО \"ЭКОПРОДУКТ\"|Открытие", "action_flag": 2, "change_message": "[{\"changed\": {\"fields\": [\"Balance\"]}}]"}}, {"model": "admin.logentry", "pk": 25, "fields": {"action_time": "2021-03-12T12:33:32.504Z", "user": 1, "content_type": 10, "object_id": "4", "object_repr": "ООО \"ЭКОПРОДУКТ\"|Открытие", "action_flag": 2, "change_message": "[{\"changed\": {\"fields\": [\"\\u0422\\u043e\\u043a\\u0435\\u043d\"]}}]"}}, {"model": "admin.logentry", "pk": 26, "fields": {"action_time": "2021-03-12T13:25:42.328Z", "user": 1, "content_type": 10, "object_id": "7", "object_repr": "ООО \"Гринлайн\"|Открытие", "action_flag": 3, "change_message": ""}}, {"model": "admin.logentry", "pk": 27, "fields": {"action_time": "2021-03-14T19:48:48.297Z", "user": 1, "content_type": 10, "object_id": "4", "object_repr": "ООО \"ЭКОПРОДУКТ\"|Открытие", "action_flag": 2, "change_message": "[{\"changed\": {\"fields\": [\"\\u0422\\u043e\\u043a\\u0435\\u043d\"]}}]"}}, {"model": "admin.logentry", "pk": 28, "fields": {"action_time": "2021-03-15T13:23:45.018Z", "user": 1, "content_type": 10, "object_id": "5", "object_repr": "ООО \"ЭКОПРОДУКТ\"|Альфа-Банк", "action_flag": 2, "change_message": "[{\"changed\": {\"fields\": [\"Balance\"]}}]"}}, {"model": "admin.logentry", "pk": 29, "fields": {"action_time": "2021-03-15T13:43:23.023Z", "user": 1, "content_type": 10, "object_id": "6", "object_repr": "ООО \"ЭКОПРОДУКТ\"|Модуль-Банк", "action_flag": 2, "change_message": "[{\"changed\": {\"fields\": [\"Balance\"]}}]"}}, {"model": "admin.logentry", "pk": 30, "fields": {"action_time": "2021-03-15T13:54:21.681Z", "user": 1, "content_type": 10, "object_id": "8", "object_repr": "ООО \"Гринлайн\"|Альфа-Банк", "action_flag": 2, "change_message": "[{\"changed\": {\"fields\": [\"Balance\"]}}]"}}, {"model": "admin.logentry", "pk": 31, "fields": {"action_time": "2021-03-15T13:54:28.109Z", "user": 1, "content_type": 10, "object_id": "9", "object_repr": "ООО \"Гринлайн\"|Модуль-Банк", "action_flag": 2, "change_message": "[{\"changed\": {\"fields\": [\"Balance\"]}}]"}}, {"model": "admin.logentry", "pk": 32, "fields": {"action_time": "2021-03-15T16:11:17.298Z", "user": 1, "content_type": 10, "object_id": "4", "object_repr": "ООО \"ЭКОПРОДУКТ\"|Открытие", "action_flag": 2, "change_message": "[]"}}, {"model": "admin.logentry", "pk": 33, "fields": {"action_time": "2021-03-15T19:05:16.397Z", "user": 1, "content_type": 10, "object_id": "9", "object_repr": "ООО \"Гринлайн\"|Модуль-Банк", "action_flag": 2, "change_message": "[{\"changed\": {\"fields\": [\"Balance\"]}}]"}}, {"model": "admin.logentry", "pk": 34, "fields": {"action_time": "2021-03-15T19:05:24.296Z", "user": 1, "content_type": 10, "object_id": "8", "object_repr": "ООО \"Гринлайн\"|Альфа-Банк", "action_flag": 2, "change_message": "[{\"changed\": {\"fields\": [\"Balance\"]}}]"}}, {"model": "admin.logentry", "pk": 35, "fields": {"action_time": "2021-03-15T19:05:34.498Z", "user": 1, "content_type": 10, "object_id": "6", "object_repr": "ООО \"ЭКОПРОДУКТ\"|Модуль-Банк", "action_flag": 2, "change_message": "[{\"changed\": {\"fields\": [\"Balance\"]}}]"}}, {"model": "admin.logentry", "pk": 36, "fields": {"action_time": "2021-03-15T19:05:40.379Z", "user": 1, "content_type": 10, "object_id": "5", "object_repr": "ООО \"ЭКОПРОДУКТ\"|Альфа-Банк", "action_flag": 2, "change_message": "[{\"changed\": {\"fields\": [\"Balance\"]}}]"}}, {"model": "admin.logentry", "pk": 37, "fields": {"action_time": "2021-03-16T07:12:45.575Z", "user": 1, "content_type": 10, "object_id": "5", "object_repr": "ООО \"ЭКОПРОДУКТ\"|Альфа-Банк", "action_flag": 2, "change_message": "[{\"changed\": {\"fields\": [\"Balance\"]}}]"}}, {"model": "admin.logentry", "pk": 38, "fields": {"action_time": "2021-03-16T07:12:51.143Z", "user": 1, "content_type": 10, "object_id": "8", "object_repr": "ООО \"Гринлайн\"|Альфа-Банк", "action_flag": 2, "change_message": "[{\"changed\": {\"fields\": [\"Balance\"]}}]"}}, {"model": "admin.logentry", "pk": 39, "fields": {"action_time": "2021-03-16T07:12:58.279Z", "user": 1, "content_type": 10, "object_id": "6", "object_repr": "ООО \"ЭКОПРОДУКТ\"|Модуль-Банк", "action_flag": 2, "change_message": "[{\"changed\": {\"fields\": [\"Balance\"]}}]"}}, {"model": "admin.logentry", "pk": 40, "fields": {"action_time": "2021-03-16T07:13:03.479Z", "user": 1, "content_type": 10, "object_id": "9", "object_repr": "ООО \"Гринлайн\"|Модуль-Банк", "action_flag": 2, "change_message": "[{\"changed\": {\"fields\": [\"Balance\"]}}]"}}, {"model": "admin.logentry", "pk": 41, "fields": {"action_time": "2021-03-16T12:41:11.882Z", "user": 1, "content_type": 9, "object_id": "4", "object_repr": "fghwtehw", "action_flag": 1, "change_message": "[{\"added\": {}}]"}}, {"model": "admin.logentry", "pk": 42, "fields": {"action_time": "2021-03-16T14:29:03.561Z", "user": 1, "content_type": 7, "object_id": "3", "object_repr": "Алексеев Игорь Александрович", "action_flag": 2, "change_message": "[{\"changed\": {\"fields\": [\"\\u0414\\u0430\\u0442\\u0430 \\u0440\\u043e\\u0436\\u0434\\u0435\\u043d\\u0438\\u044f\"]}}]"}}, {"model": "admin.logentry", "pk": 43, "fields": {"action_time": "2021-03-25T07:42:44.236Z", "user": 1, "content_type": 10, "object_id": "5", "object_repr": "ООО \"ЭКОПРОДУКТ\"|Альфа-Банк", "action_flag": 2, "change_message": "[{\"changed\": {\"fields\": [\"\\u041b\\u043e\\u0433\\u0438\\u043d\", \"\\u041f\\u0430\\u0440\\u043e\\u043b\\u044c\"]}}]"}}, {"model": "admin.logentry", "pk": 44, "fields": {"action_time": "2021-03-26T11:47:25.168Z", "user": 1, "content_type": 8, "object_id": "4", "object_repr": "ООО \"Спецпоставка\"", "action_flag": 2, "change_message": "[{\"changed\": {\"fields\": [\"\\u0414\\u0438\\u0440\\u0435\\u043a\\u0442\\u043e\\u0440\"]}}]"}}, {"model": "admin.logentry", "pk": 45, "fields": {"action_time": "2021-03-26T11:47:32.058Z", "user": 1, "content_type": 8, "object_id": "3", "object_repr": "ООО \"ШАХ\"", "action_flag": 2, "change_message": "[{\"changed\": {\"fields\": [\"\\u0414\\u0438\\u0440\\u0435\\u043a\\u0442\\u043e\\u0440\"]}}]"}}, {"model": "admin.logentry", "pk": 46, "fields": {"action_time": "2021-03-26T11:49:55.181Z", "user": 1, "content_type": 10, "object_id": "10", "object_repr": "ООО \"ШАХ\"|Альфа-Банк", "action_flag": 1, "change_message": "[{\"added\": {}}]"}}, {"model": "admin.logentry", "pk": 47, "fields": {"action_time": "2021-03-26T11:50:14.062Z", "user": 1, "content_type": 10, "object_id": "11", "object_repr": "ООО \"Спецпоставка\"|Альфа-Банк", "action_flag": 1, "change_message": "[{\"added\": {}}]"}}, {"model": "admin.logentry", "pk": 48, "fields": {"action_time": "2021-03-26T12:00:27.617Z", "user": 1, "content_type": 8, "object_id": "3", "object_repr": "ООО \"ШАХ\"", "action_flag": 2, "change_message": "[{\"changed\": {\"fields\": [\"\\u0414\\u0438\\u0440\\u0435\\u043a\\u0442\\u043e\\u0440\"]}}]"}}, {"model": "admin.logentry", "pk": 49, "fields": {"action_time": "2021-03-26T12:00:34.296Z", "user": 1, "content_type": 8, "object_id": "4", "object_repr": "ООО \"Спецпоставка\"", "action_flag": 2, "change_message": "[{\"changed\": {\"fields\": [\"\\u0414\\u0438\\u0440\\u0435\\u043a\\u0442\\u043e\\u0440\"]}}]"}}, {"model": "admin.logentry", "pk": 50, "fields": {"action_time": "2021-03-29T07:35:39.174Z", "user": 1, "content_type": 10, "object_id": "4", "object_repr": "ООО \"ЭКОПРОДУКТ\"|Открытие", "action_flag": 2, "change_message": "[{\"changed\": {\"fields\": [\"\\u041b\\u043e\\u0433\\u0438\\u043d\", \"\\u041f\\u0430\\u0440\\u043e\\u043b\\u044c\"]}}]"}}, {"model": "admin.logentry", "pk": 51, "fields": {"action_time": "2021-03-29T07:48:09.941Z", "user": 1, "content_type": 10, "object_id": "4", "object_repr": "ООО \"ЭКОПРОДУКТ\"|Открытие", "action_flag": 2, "change_message": "[{\"changed\": {\"fields\": [\"\\u041b\\u043e\\u0433\\u0438\\u043d\", \"\\u041f\\u0430\\u0440\\u043e\\u043b\\u044c\"]}}]"}}, {"model": "admin.logentry", "pk": 52, "fields": {"action_time": "2021-03-29T08:01:48.685Z", "user": 1, "content_type": 8, "object_id": "3", "object_repr": "ООО \"АНТЕЙ\"", "action_flag": 2, "change_message": "[{\"changed\": {\"fields\": [\"\\u041d\\u0430\\u0437\\u0432\\u0430\\u043d\\u0438\\u0435 \\u0444\\u0438\\u0440\\u043c\\u044b\"]}}]"}}, {"model": "admin.logentry", "pk": 53, "fields": {"action_time": "2021-03-29T08:01:59.800Z", "user": 1, "content_type": 8, "object_id": "4", "object_repr": "ООО \"РИАНА\"", "action_flag": 2, "change_message": "[{\"changed\": {\"fields\": [\"\\u041d\\u0430\\u0437\\u0432\\u0430\\u043d\\u0438\\u0435 \\u0444\\u0438\\u0440\\u043c\\u044b\"]}}]"}}, {"model": "admin.logentry", "pk": 54, "fields": {"action_time": "2021-03-29T08:02:21.187Z", "user": 1, "content_type": 8, "object_id": "2", "object_repr": "ООО \"АВТОТРАНС-КАЗАНЬ\"", "action_flag": 2, "change_message": "[{\"changed\": {\"fields\": [\"\\u041d\\u0430\\u0437\\u0432\\u0430\\u043d\\u0438\\u0435 \\u0444\\u0438\\u0440\\u043c\\u044b\"]}}]"}}, {"model": "admin.logentry", "pk": 55, "fields": {"action_time": "2021-03-29T09:19:09.733Z", "user": 1, "content_type": 10, "object_id": "8", "object_repr": "ООО \"АВТОТРАНС-КАЗАНЬ\"|Альфа-Банк", "action_flag": 2, "change_message": "[{\"changed\": {\"fields\": [\"\\u041b\\u043e\\u0433\\u0438\\u043d\", \"\\u041f\\u0430\\u0440\\u043e\\u043b\\u044c\"]}}]"}}, {"model": "admin.logentry", "pk": 56, "fields": {"action_time": "2021-03-29T09:19:18.645Z", "user": 1, "content_type": 10, "object_id": "5", "object_repr": "ООО \"ЭКОПРОДУКТ\"|Альфа-Банк", "action_flag": 2, "change_message": "[]"}}, {"model": "admin.logentry", "pk": 57, "fields": {"action_time": "2021-03-29T09:20:22.446Z", "user": 1, "content_type": 10, "object_id": "8", "object_repr": "ООО \"АВТОТРАНС-КАЗАНЬ\"|Альфа-Банк", "action_flag": 2, "change_message": "[{\"changed\": {\"fields\": [\"\\u041f\\u0430\\u0440\\u043e\\u043b\\u044c\"]}}]"}}, {"model": "admin.logentry", "pk": 58, "fields": {"action_time": "2021-03-29T09:20:35.126Z", "user": 1, "content_type": 10, "object_id": "8", "object_repr": "ООО \"АВТОТРАНС-КАЗАНЬ\"|Альфа-Банк", "action_flag": 2, "change_message": "[{\"changed\": {\"fields\": [\"\\u041b\\u043e\\u0433\\u0438\\u043d\"]}}]"}}, {"model": "admin.logentry", "pk": 59, "fields": {"action_time": "2021-03-29T09:26:05.189Z", "user": 1, "content_type": 10, "object_id": "5", "object_repr": "ООО \"ЭКОПРОДУКТ\"|Альфа-Банк", "action_flag": 2, "change_message": "[{\"changed\": {\"fields\": [\"\\u041b\\u043e\\u0433\\u0438\\u043d\", \"\\u041f\\u0430\\u0440\\u043e\\u043b\\u044c\"]}}]"}}, {"model": "admin.logentry", "pk": 60, "fields": {"action_time": "2021-03-29T09:26:21.893Z", "user": 1, "content_type": 10, "object_id": "8", "object_repr": "ООО \"АВТОТРАНС-КАЗАНЬ\"|Альфа-Банк", "action_flag": 2, "change_message": "[{\"changed\": {\"fields\": [\"\\u041b\\u043e\\u0433\\u0438\\u043d\"]}}]"}}, {"model": "admin.logentry", "pk": 61, "fields": {"action_time": "2021-03-29T09:26:27.745Z", "user": 1, "content_type": 10, "object_id": "8", "object_repr": "ООО \"АВТОТРАНС-КАЗАНЬ\"|Альфа-Банк", "action_flag": 2, "change_message": "[{\"changed\": {\"fields\": [\"\\u041f\\u0430\\u0440\\u043e\\u043b\\u044c\"]}}]"}}, {"model": "admin.logentry", "pk": 62, "fields": {"action_time": "2021-04-06T09:05:00.104Z", "user": 1, "content_type": 8, "object_id": "5", "object_repr": "ООО \"ЭКОПРОДУКТ\"", "action_flag": 2, "change_message": "[]"}}, {"model": "admin.logentry", "pk": 63, "fields": {"action_time": "2021-04-06T09:14:16.342Z", "user": 1, "content_type": 8, "object_id": "5", "object_repr": "ООО \"ЭКОПРОДУКТ\"", "action_flag": 2, "change_message": "[]"}}, {"model": "admin.logentry", "pk": 64, "fields": {"action_time": "2021-04-06T09:18:40.606Z", "user": 1, "content_type": 8, "object_id": "5", "object_repr": "ООО \"ЭКОПРОДУКТ\"", "action_flag": 2, "change_message": "[{\"changed\": {\"fields\": [\"\\u0411\\u0430\\u043d\\u043a\"]}}]"}}, {"model": "admin.logentry", "pk": 65, "fields": {"action_time": "2021-04-06T09:28:33.049Z", "user": 1, "content_type": 8, "object_id": "5", "object_repr": "ООО \"ЭКОПРОДУКТ\"", "action_flag": 2, "change_message": "[{\"changed\": {\"fields\": [\"Email\"]}}]"}}, {"model": "admin.logentry", "pk": 66, "fields": {"action_time": "2021-04-06T09:29:49.255Z", "user": 1, "content_type": 8, "object_id": "5", "object_repr": "ООО \"ЭКОПРОДУКТ\"", "action_flag": 2, "change_message": "[{\"changed\": {\"fields\": [\"Email\"]}}]"}}, {"model": "admin.logentry", "pk": 67, "fields": {"action_time": "2021-04-06T09:30:21Z", "user": 1, "content_type": 8, "object_id": "5", "object_repr": "ООО \"ЭКОПРОДУКТ\"", "action_flag": 2, "change_message": "[{\"changed\": {\"fields\": [\"Email\"]}}]"}}, {"model": "admin.logentry", "pk": 68, "fields": {"action_time": "2021-04-06T09:30:46.311Z", "user": 1, "content_type": 8, "object_id": "5", "object_repr": "ООО \"ЭКОПРОДУКТ\"", "action_flag": 2, "change_message": "[{\"changed\": {\"fields\": [\"Email\"]}}]"}}, {"model": "admin.logentry", "pk": 69, "fields": {"action_time": "2021-04-06T09:31:11.544Z", "user": 1, "content_type": 8, "object_id": "5", "object_repr": "ООО \"ЭКОПРОДУКТ\"", "action_flag": 2, "change_message": "[{\"changed\": {\"fields\": [\"Email\"]}}]"}}, {"model": "admin.logentry", "pk": 70, "fields": {"action_time": "2021-04-06T09:31:17.644Z", "user": 1, "content_type": 8, "object_id": "5", "object_repr": "ООО \"ЭКОПРОДУКТ\"", "action_flag": 2, "change_message": "[]"}}, {"model": "admin.logentry", "pk": 71, "fields": {"action_time": "2021-04-06T09:32:11.869Z", "user": 1, "content_type": 8, "object_id": "4", "object_repr": "ООО \"РИАНА\"", "action_flag": 2, "change_message": "[{\"changed\": {\"fields\": [\"\\u041d\\u0430\\u0437\\u0432\\u0430\\u043d\\u0438\\u0435 \\u043d\\u0430 \\u043b\\u0430\\u0442\\u0438\\u043d\\u0438\\u0446\\u0435\", \"Email\"]}}]"}}, {"model": "admin.logentry", "pk": 72, "fields": {"action_time": "2021-04-06T09:35:01.982Z", "user": 1, "content_type": 8, "object_id": "3", "object_repr": "ООО \"АНТЕЙ\"", "action_flag": 2, "change_message": "[{\"changed\": {\"fields\": [\"\\u041d\\u0430\\u0437\\u0432\\u0430\\u043d\\u0438\\u0435 \\u043d\\u0430 \\u043b\\u0430\\u0442\\u0438\\u043d\\u0438\\u0446\\u0435\", \"Email\"]}}]"}}, {"model": "admin.logentry", "pk": 73, "fields": {"action_time": "2021-04-06T09:35:13.817Z", "user": 1, "content_type": 8, "object_id": "2", "object_repr": "ООО \"АВТОТРАНС-КАЗАНЬ\"", "action_flag": 2, "change_message": "[{\"changed\": {\"fields\": [\"\\u041d\\u0430\\u0437\\u0432\\u0430\\u043d\\u0438\\u0435 \\u043d\\u0430 \\u043b\\u0430\\u0442\\u0438\\u043d\\u0438\\u0446\\u0435\", \"Email\"]}}]"}}, {"model": "admin.logentry", "pk": 74, "fields": {"action_time": "2021-04-06T10:43:08.311Z", "user": 1, "content_type": 7, "object_id": "1", "object_repr": "Безус Анастасия Викторовна", "action_flag": 2, "change_message": "[{\"changed\": {\"fields\": [\"\\u0414\\u0430\\u0442\\u0430 \\u0440\\u043e\\u0436\\u0434\\u0435\\u043d\\u0438\\u044f\"]}}]"}}, {"model": "admin.logentry", "pk": 75, "fields": {"action_time": "2021-04-06T10:43:24.272Z", "user": 1, "content_type": 7, "object_id": "2", "object_repr": "Ананян Мартун Ашотович", "action_flag": 2, "change_message": "[{\"changed\": {\"fields\": [\"\\u0414\\u0430\\u0442\\u0430 \\u0440\\u043e\\u0436\\u0434\\u0435\\u043d\\u0438\\u044f\"]}}]"}}, {"model": "admin.logentry", "pk": 76, "fields": {"action_time": "2021-04-08T09:31:44.521Z", "user": 1, "content_type": 10, "object_id": "4", "object_repr": "ООО \"ЭКОПРОДУКТ\"|Открытие", "action_flag": 2, "change_message": "[{\"changed\": {\"fields\": [\"\\u041b\\u043e\\u0433\\u0438\\u043d\", \"\\u041f\\u0430\\u0440\\u043e\\u043b\\u044c\"]}}]"}}, {"model": "admin.logentry", "pk": 77, "fields": {"action_time": "2021-04-08T10:00:00.510Z", "user": 1, "content_type": 10, "object_id": "5", "object_repr": "ООО \"ЭКОПРОДУКТ\"|fghwtehw", "action_flag": 2, "change_message": "[{\"changed\": {\"fields\": [\"\\u0411\\u0430\\u043d\\u043a\"]}}]"}}, {"model": "admin.logentry", "pk": 78, "fields": {"action_time": "2021-04-08T10:00:27.335Z", "user": 1, "content_type": 10, "object_id": "10", "object_repr": "ООО \"АНТЕЙ\"|fghwtehw", "action_flag": 2, "change_message": "[{\"changed\": {\"fields\": [\"\\u0411\\u0430\\u043d\\u043a\"]}}]"}}, {"model": "admin.logentry", "pk": 79, "fields": {"action_time": "2021-04-08T10:03:53.351Z", "user": 1, "content_type": 10, "object_id": "9", "object_repr": "ООО \"АВТОТРАНС-КАЗАНЬ\"|fghwtehw", "action_flag": 2, "change_message": "[{\"changed\": {\"fields\": [\"\\u0411\\u0430\\u043d\\u043a\"]}}]"}}, {"model": "admin.logentry", "pk": 80, "fields": {"action_time": "2021-04-08T10:04:01.741Z", "user": 1, "content_type": 10, "object_id": "8", "object_repr": "ООО \"АВТОТРАНС-КАЗАНЬ\"|fghwtehw", "action_flag": 2, "change_message": "[{\"changed\": {\"fields\": [\"\\u0411\\u0430\\u043d\\u043a\"]}}]"}}, {"model": "admin.logentry", "pk": 81, "fields": {"action_time": "2021-04-08T10:04:07.065Z", "user": 1, "content_type": 10, "object_id": "6", "object_repr": "ООО \"ЭКОПРОДУКТ\"|fghwtehw", "action_flag": 2, "change_message": "[{\"changed\": {\"fields\": [\"\\u0411\\u0430\\u043d\\u043a\"]}}]"}}, {"model": "admin.logentry", "pk": 82, "fields": {"action_time": "2021-04-08T10:04:12.842Z", "user": 1, "content_type": 10, "object_id": "4", "object_repr": "ООО \"ЭКОПРОДУКТ\"|fghwtehw", "action_flag": 2, "change_message": "[{\"changed\": {\"fields\": [\"\\u0411\\u0430\\u043d\\u043a\"]}}]"}}, {"model": "admin.logentry", "pk": 83, "fields": {"action_time": "2021-04-08T10:04:30.146Z", "user": 1, "content_type": 10, "object_id": "11", "object_repr": "ООО \"РИАНА\"|Альфа-Банк", "action_flag": 2, "change_message": "[{\"changed\": {\"fields\": [\"\\u041b\\u043e\\u0433\\u0438\\u043d\", \"\\u041f\\u0430\\u0440\\u043e\\u043b\\u044c\"]}}]"}}, {"model": "admin.logentry", "pk": 84, "fields": {"action_time": "2021-04-08T10:17:04.737Z", "user": 1, "content_type": 10, "object_id": "5", "object_repr": "ООО \"ЭКОПРОДУКТ\"|Альфа-Банк", "action_flag": 2, "change_message": "[{\"changed\": {\"fields\": [\"\\u0411\\u0430\\u043d\\u043a\"]}}]"}}, {"model": "admin.logentry", "pk": 85, "fields": {"action_time": "2021-04-08T10:17:22.084Z", "user": 1, "content_type": 10, "object_id": "8", "object_repr": "ООО \"АВТОТРАНС-КАЗАНЬ\"|Альфа-Банк", "action_flag": 2, "change_message": "[{\"changed\": {\"fields\": [\"\\u0411\\u0430\\u043d\\u043a\"]}}]"}}, {"model": "admin.logentry", "pk": 86, "fields": {"action_time": "2021-04-08T10:24:58.116Z", "user": 1, "content_type": 10, "object_id": "5", "object_repr": "ООО \"ЭКОПРОДУКТ\"|fghwtehw", "action_flag": 2, "change_message": "[{\"changed\": {\"fields\": [\"\\u0411\\u0430\\u043d\\u043a\"]}}]"}}, {"model": "admin.logentry", "pk": 87, "fields": {"action_time": "2021-04-08T10:25:04.535Z", "user": 1, "content_type": 10, "object_id": "10", "object_repr": "ООО \"АНТЕЙ\"|Альфа-Банк", "action_flag": 2, "change_message": "[{\"changed\": {\"fields\": [\"\\u0411\\u0430\\u043d\\u043a\"]}}]"}}, {"model": "admin.logentry", "pk": 88, "fields": {"action_time": "2021-04-08T10:25:24.174Z", "user": 1, "content_type": 8, "object_id": "4", "object_repr": "ООО \"РИАНА\"", "action_flag": 2, "change_message": "[]"}}, {"model": "admin.logentry", "pk": 89, "fields": {"action_time": "2021-04-08T10:25:28.860Z", "user": 1, "content_type": 8, "object_id": "3", "object_repr": "ООО \"АНТЕЙ\"", "action_flag": 2, "change_message": "[{\"changed\": {\"fields\": [\"\\u0414\\u0438\\u0440\\u0435\\u043a\\u0442\\u043e\\u0440\"]}}]"}}, {"model": "admin.logentry", "pk": 90, "fields": {"action_time": "2021-04-08T10:25:33.771Z", "user": 1, "content_type": 8, "object_id": "2", "object_repr": "ООО \"АВТОТРАНС-КАЗАНЬ\"", "action_flag": 2, "change_message": "[{\"changed\": {\"fields\": [\"\\u0414\\u0438\\u0440\\u0435\\u043a\\u0442\\u043e\\u0440\"]}}]"}}, {"model": "admin.logentry", "pk": 91, "fields": {"action_time": "2021-04-08T11:59:48.313Z", "user": 1, "content_type": 10, "object_id": "10", "object_repr": "ООО \"АНТЕЙ\"|Альфа-Банк", "action_flag": 2, "change_message": "[{\"changed\": {\"fields\": [\"\\u041b\\u043e\\u0433\\u0438\\u043d\"]}}]"}}, {"model": "admin.logentry", "pk": 92, "fields": {"action_time": "2021-04-08T11:59:52.205Z", "user": 1, "content_type": 10, "object_id": "8", "object_repr": "ООО \"АВТОТРАНС-КАЗАНЬ\"|Альфа-Банк", "action_flag": 2, "change_message": "[{\"changed\": {\"fields\": [\"\\u041b\\u043e\\u0433\\u0438\\u043d\"]}}]"}}, {"model": "admin.logentry", "pk": 93, "fields": {"action_time": "2021-04-08T12:33:06.533Z", "user": 1, "content_type": 8, "object_id": "6", "object_repr": "ООО \"ОКНО\"", "action_flag": 1, "change_message": "[{\"added\": {}}]"}}, {"model": "admin.logentry", "pk": 94, "fields": {"action_time": "2021-04-08T12:35:38.102Z", "user": 1, "content_type": 10, "object_id": "12", "object_repr": "ООО \"ОКНО\"|Альфа-Банк", "action_flag": 1, "change_message": "[{\"added\": {}}]"}}, {"model": "admin.logentry", "pk": 95, "fields": {"action_time": "2021-04-08T12:35:51.189Z", "user": 1, "content_type": 10, "object_id": "6", "object_repr": "ООО \"ЭКОПРОДУКТ\"|Альфа-Банк", "action_flag": 2, "change_message": "[{\"changed\": {\"fields\": [\"\\u0411\\u0430\\u043d\\u043a\"]}}]"}}, {"model": "admin.logentry", "pk": 96, "fields": {"action_time": "2021-04-09T11:45:13.495Z", "user": 1, "content_type": 10, "object_id": "10", "object_repr": "ООО \"АНТЕЙ\"|Альфа-Банк", "action_flag": 2, "change_message": "[{\"changed\": {\"fields\": [\"\\u041f\\u0430\\u0440\\u043e\\u043b\\u044c\"]}}]"}}, {"model": "admin.logentry", "pk": 97, "fields": {"action_time": "2021-04-09T11:45:19.396Z", "user": 1, "content_type": 10, "object_id": "8", "object_repr": "ООО \"АВТОТРАНС-КАЗАНЬ\"|Альфа-Банк", "action_flag": 2, "change_message": "[{\"changed\": {\"fields\": [\"\\u041f\\u0430\\u0440\\u043e\\u043b\\u044c\"]}}]"}}, {"model": "admin.logentry", "pk": 98, "fields": {"action_time": "2021-04-09T12:21:59.160Z", "user": 1, "content_type": 10, "object_id": "12", "object_repr": "ООО \"ОКНО\"|Альфа-Банк", "action_flag": 3, "change_message": ""}}, {"model": "admin.logentry", "pk": 99, "fields": {"action_time": "2021-04-09T12:24:11.320Z", "user": 1, "content_type": 8, "object_id": "7", "object_repr": "ООО \"ПК СТРОЙПОМ\"", "action_flag": 1, "change_message": "[{\"added\": {}}]"}}, {"model": "admin.logentry", "pk": 100, "fields": {"action_time": "2021-04-09T12:25:20.183Z", "user": 1, "content_type": 8, "object_id": "6", "object_repr": "ООО \"ОКНО\"", "action_flag": 3, "change_message": ""}}, {"model": "admin.logentry", "pk": 101, "fields": {"action_time": "2021-04-09T12:26:16.050Z", "user": 1, "content_type": 8, "object_id": "8", "object_repr": "ООО \"СПК21\"", "action_flag": 1, "change_message": "[{\"added\": {}}]"}}, {"model": "admin.logentry", "pk": 102, "fields": {"action_time": "2021-04-09T12:26:50.480Z", "user": 1, "content_type": 10, "object_id": "5", "object_repr": "ООО \"ЭКОПРОДУКТ\"|fghwtehw", "action_flag": 3, "change_message": ""}}, {"model": "admin.logentry", "pk": 103, "fields": {"action_time": "2021-04-09T12:26:57.830Z", "user": 1, "content_type": 10, "object_id": "4", "object_repr": "ООО \"ЭКОПРОДУКТ\"|Открытие", "action_flag": 2, "change_message": "[{\"changed\": {\"fields\": [\"\\u0411\\u0430\\u043d\\u043a\"]}}]"}}, {"model": "admin.logentry", "pk": 104, "fields": {"action_time": "2021-04-09T12:27:22.939Z", "user": 1, "content_type": 10, "object_id": "6", "object_repr": "ООО \"ЭКОПРОДУКТ\"|Альфа-Банк", "action_flag": 2, "change_message": "[{\"changed\": {\"fields\": [\"\\u041b\\u043e\\u0433\\u0438\\u043d\", \"\\u041f\\u0430\\u0440\\u043e\\u043b\\u044c\"]}}]"}}, {"model": "admin.logentry", "pk": 105, "fields": {"action_time": "2021-04-09T12:27:47.469Z", "user": 1, "content_type": 10, "object_id": "13", "object_repr": "ООО \"ПК СТРОЙПОМ\"|Альфа-Банк", "action_flag": 1, "change_message": "[{\"added\": {}}]"}}, {"model": "admin.logentry", "pk": 106, "fields": {"action_time": "2021-04-09T12:27:58.540Z", "user": 1, "content_type": 10, "object_id": "9", "object_repr": "ООО \"АВТОТРАНС-КАЗАНЬ\"|fghwtehw", "action_flag": 3, "change_message": ""}}, {"model": "admin.logentry", "pk": 107, "fields": {"action_time": "2021-04-09T12:28:16.892Z", "user": 1, "content_type": 10, "object_id": "14", "object_repr": "ООО \"СПК21\"|Альфа-Банк", "action_flag": 1, "change_message": "[{\"added\": {}}]"}}, {"model": "admin.logentry", "pk": 108, "fields": {"action_time": "2021-04-09T12:54:04.897Z", "user": 1, "content_type": 10, "object_id": "13", "object_repr": "ООО \"ПК СТРОЙПОМ\"|Альфа-Банк", "action_flag": 2, "change_message": "[{\"changed\": {\"fields\": [\"Balance\"]}}]"}}, {"model": "admin.logentry", "pk": 109, "fields": {"action_time": "2021-04-09T12:54:13.802Z", "user": 1, "content_type": 10, "object_id": "14", "object_repr": "ООО \"СПК21\"|Альфа-Банк", "action_flag": 2, "change_message": "[{\"changed\": {\"fields\": [\"Balance\"]}}]"}}, {"model": "admin.logentry", "pk": 110, "fields": {"action_time": "2021-04-09T12:54:20.179Z", "user": 1, "content_type": 10, "object_id": "6", "object_repr": "ООО \"ЭКОПРОДУКТ\"|Альфа-Банк", "action_flag": 2, "change_message": "[{\"changed\": {\"fields\": [\"Balance\"]}}]"}}, {"model": "admin.logentry", "pk": 111, "fields": {"action_time": "2021-04-19T10:54:11.169Z", "user": 1, "content_type": 9, "object_id": "4", "object_repr": "райффайзен", "action_flag": 2, "change_message": "[{\"changed\": {\"fields\": [\"\\u041d\\u0430\\u0437\\u0432\\u0430\\u043d\\u0438\\u0435 \\u0411\\u0430\\u043d\\u043a\\u0430\"]}}]"}}, {"model": "admin.logentry", "pk": 112, "fields": {"action_time": "2021-04-19T10:54:23.216Z", "user": 1, "content_type": 9, "object_id": "4", "object_repr": "Райффайзен", "action_flag": 2, "change_message": "[{\"changed\": {\"fields\": [\"\\u041d\\u0430\\u0437\\u0432\\u0430\\u043d\\u0438\\u0435 \\u0411\\u0430\\u043d\\u043a\\u0430\"]}}]"}}, {"model": "admin.logentry", "pk": 113, "fields": {"action_time": "2021-04-19T10:58:03.395Z", "user": 1, "content_type": 8, "object_id": "9", "object_repr": "ООО \"РАКЕТА\"", "action_flag": 1, "change_message": "[{\"added\": {}}]"}}, {"model": "admin.logentry", "pk": 114, "fields": {"action_time": "2021-04-19T10:58:30.109Z", "user": 1, "content_type": 10, "object_id": "15", "object_repr": "ООО \"РАКЕТА\"|Райффайзен", "action_flag": 1, "change_message": "[{\"added\": {}}]"}}, {"model": "admin.logentry", "pk": 115, "fields": {"action_time": "2021-04-19T11:52:32.658Z", "user": 1, "content_type": 10, "object_id": "15", "object_repr": "ООО \"РАКЕТА\"|Райффайзен", "action_flag": 3, "change_message": ""}}, {"model": "admin.logentry", "pk": 116, "fields": {"action_time": "2021-04-19T11:52:32.663Z", "user": 1, "content_type": 10, "object_id": "14", "object_repr": "ООО \"СПК21\"|Альфа-Банк", "action_flag": 3, "change_message": ""}}, {"model": "admin.logentry", "pk": 117, "fields": {"action_time": "2021-04-19T11:52:32.666Z", "user": 1, "content_type": 10, "object_id": "13", "object_repr": "ООО \"ПК СТРОЙПОМ\"|Альфа-Банк", "action_flag": 3, "change_message": ""}}, {"model": "admin.logentry", "pk": 118, "fields": {"action_time": "2021-04-19T11:52:32.669Z", "user": 1, "content_type": 10, "object_id": "11", "object_repr": "ООО \"РИАНА\"|Альфа-Банк", "action_flag": 3, "change_message": ""}}, {"model": "admin.logentry", "pk": 119, "fields": {"action_time": "2021-04-19T11:52:32.671Z", "user": 1, "content_type": 10, "object_id": "10", "object_repr": "ООО \"АНТЕЙ\"|Альфа-Банк", "action_flag": 3, "change_message": ""}}, {"model": "admin.logentry", "pk": 120, "fields": {"action_time": "2021-04-19T11:52:32.673Z", "user": 1, "content_type": 10, "object_id": "8", "object_repr": "ООО \"АВТОТРАНС-КАЗАНЬ\"|Альфа-Банк", "action_flag": 3, "change_message": ""}}, {"model": "admin.logentry", "pk": 121, "fields": {"action_time": "2021-04-19T11:52:32.675Z", "user": 1, "content_type": 10, "object_id": "6", "object_repr": "ООО \"ЭКОПРОДУКТ\"|Альфа-Банк", "action_flag": 3, "change_message": ""}}, {"model": "admin.logentry", "pk": 122, "fields": {"action_time": "2021-04-19T11:52:32.677Z", "user": 1, "content_type": 10, "object_id": "4", "object_repr": "ООО \"ЭКОПРОДУКТ\"|Открытие", "action_flag": 3, "change_message": ""}}, {"model": "admin.logentry", "pk": 123, "fields": {"action_time": "2021-04-19T11:52:54.470Z", "user": 1, "content_type": 8, "object_id": "9", "object_repr": "ООО \"РАКЕТА\"", "action_flag": 3, "change_message": ""}}, {"model": "admin.logentry", "pk": 124, "fields": {"action_time": "2021-04-19T11:52:54.472Z", "user": 1, "content_type": 8, "object_id": "8", "object_repr": "ООО \"СПК21\"", "action_flag": 3, "change_message": ""}}, {"model": "admin.logentry", "pk": 125, "fields": {"action_time": "2021-04-19T11:52:54.474Z", "user": 1, "content_type": 8, "object_id": "7", "object_repr": "ООО \"ПК СТРОЙПОМ\"", "action_flag": 3, "change_message": ""}}, {"model": "admin.logentry", "pk": 126, "fields": {"action_time": "2021-04-19T11:52:54.476Z", "user": 1, "content_type": 8, "object_id": "5", "object_repr": "ООО \"ЭКОПРОДУКТ\"", "action_flag": 3, "change_message": ""}}, {"model": "admin.logentry", "pk": 127, "fields": {"action_time": "2021-04-19T11:52:54.479Z", "user": 1, "content_type": 8, "object_id": "4", "object_repr": "ООО \"РИАНА\"", "action_flag": 3, "change_message": ""}}, {"model": "admin.logentry", "pk": 128, "fields": {"action_time": "2021-04-19T11:52:54.481Z", "user": 1, "content_type": 8, "object_id": "3", "object_repr": "ООО \"АНТЕЙ\"", "action_flag": 3, "change_message": ""}}, {"model": "admin.logentry", "pk": 129, "fields": {"action_time": "2021-04-19T11:52:54.483Z", "user": 1, "content_type": 8, "object_id": "2", "object_repr": "ООО \"АВТОТРАНС-КАЗАНЬ\"", "action_flag": 3, "change_message": ""}}, {"model": "admin.logentry", "pk": 130, "fields": {"action_time": "2021-04-19T11:53:50.058Z", "user": 1, "content_type": 8, "object_id": "10", "object_repr": "ООО \"РАКЕТА\"", "action_flag": 1, "change_message": "[{\"added\": {}}]"}}, {"model": "admin.logentry", "pk": 131, "fields": {"action_time": "2021-04-19T11:54:31.233Z", "user": 1, "content_type": 8, "object_id": "11", "object_repr": "ООО \"Оптовая\"", "action_flag": 1, "change_message": "[{\"added\": {}}]"}}, {"model": "admin.logentry", "pk": 132, "fields": {"action_time": "2021-04-19T11:55:40.710Z", "user": 1, "content_type": 8, "object_id": "12", "object_repr": "ООО \"КПТ\"", "action_flag": 1, "change_message": "[{\"added\": {}}]"}}, {"model": "admin.logentry", "pk": 133, "fields": {"action_time": "2021-04-19T11:56:08.654Z", "user": 1, "content_type": 10, "object_id": "16", "object_repr": "ООО \"РАКЕТА\"|Райффайзен", "action_flag": 1, "change_message": "[{\"added\": {}}]"}}, {"model": "admin.logentry", "pk": 134, "fields": {"action_time": "2021-04-19T11:56:36.431Z", "user": 1, "content_type": 10, "object_id": "17", "object_repr": "ООО \"РАКЕТА\"|Открытие", "action_flag": 1, "change_message": "[{\"added\": {}}]"}}, {"model": "admin.logentry", "pk": 135, "fields": {"action_time": "2021-04-19T11:56:42.787Z", "user": 1, "content_type": 10, "object_id": "16", "object_repr": "ООО \"РАКЕТА\"|Райффайзен", "action_flag": 2, "change_message": "[{\"changed\": {\"fields\": [\"Balance\"]}}]"}}, {"model": "admin.logentry", "pk": 136, "fields": {"action_time": "2021-04-19T11:57:06.796Z", "user": 1, "content_type": 10, "object_id": "18", "object_repr": "ООО \"РАКЕТА\"|Альфа-Банк", "action_flag": 1, "change_message": "[{\"added\": {}}]"}}, {"model": "admin.logentry", "pk": 137, "fields": {"action_time": "2021-04-19T11:57:33.068Z", "user": 1, "content_type": 10, "object_id": "19", "object_repr": "ООО \"Оптовая\"|Райффайзен", "action_flag": 1, "change_message": "[{\"added\": {}}]"}}, {"model": "admin.logentry", "pk": 138, "fields": {"action_time": "2021-04-19T11:58:04.081Z", "user": 1, "content_type": 10, "object_id": "20", "object_repr": "ООО \"Оптовая\"|Открытие", "action_flag": 1, "change_message": "[{\"added\": {}}]"}}, {"model": "admin.logentry", "pk": 139, "fields": {"action_time": "2021-04-19T11:58:27.063Z", "user": 1, "content_type": 10, "object_id": "21", "object_repr": "ООО \"Оптовая\"|Альфа-Банк", "action_flag": 1, "change_message": "[{\"added\": {}}]"}}, {"model": "admin.logentry", "pk": 140, "fields": {"action_time": "2021-04-19T11:59:01.587Z", "user": 1, "content_type": 10, "object_id": "22", "object_repr": "ООО \"КПТ\"|Райффайзен", "action_flag": 1, "change_message": "[{\"added\": {}}]"}}, {"model": "admin.logentry", "pk": 141, "fields": {"action_time": "2021-04-19T11:59:22.543Z", "user": 1, "content_type": 10, "object_id": "23", "object_repr": "ООО \"КПТ\"|Открытие", "action_flag": 1, "change_message": "[{\"added\": {}}]"}}, {"model": "admin.logentry", "pk": 142, "fields": {"action_time": "2021-04-19T11:59:57.751Z", "user": 1, "content_type": 10, "object_id": "24", "object_repr": "ООО \"КПТ\"|Альфа-Банк", "action_flag": 1, "change_message": "[{\"added\": {}}]"}}, {"model": "admin.logentry", "pk": 143, "fields": {"action_time": "2021-04-19T12:44:22.464Z", "user": 1, "content_type": 10, "object_id": "16", "object_repr": "ООО \"РАКЕТА\"|Райффайзен", "action_flag": 2, "change_message": "[{\"changed\": {\"fields\": [\"Balance\"]}}]"}}, {"model": "admin.logentry", "pk": 144, "fields": {"action_time": "2021-04-19T12:44:28.176Z", "user": 1, "content_type": 10, "object_id": "17", "object_repr": "ООО \"РАКЕТА\"|Открытие", "action_flag": 2, "change_message": "[{\"changed\": {\"fields\": [\"Balance\"]}}]"}}, {"model": "admin.logentry", "pk": 145, "fields": {"action_time": "2021-04-19T12:44:34.803Z", "user": 1, "content_type": 10, "object_id": "18", "object_repr": "ООО \"РАКЕТА\"|Альфа-Банк", "action_flag": 2, "change_message": "[{\"changed\": {\"fields\": [\"Balance\"]}}]"}}, {"model": "admin.logentry", "pk": 146, "fields": {"action_time": "2021-04-19T12:44:39.115Z", "user": 1, "content_type": 10, "object_id": "19", "object_repr": "ООО \"Оптовая\"|Райффайзен", "action_flag": 2, "change_message": "[{\"changed\": {\"fields\": [\"Balance\"]}}]"}}, {"model": "admin.logentry", "pk": 147, "fields": {"action_time": "2021-04-19T12:44:43.700Z", "user": 1, "content_type": 10, "object_id": "20", "object_repr": "ООО \"Оптовая\"|Открытие", "action_flag": 2, "change_message": "[{\"changed\": {\"fields\": [\"Balance\"]}}]"}}, {"model": "admin.logentry", "pk": 148, "fields": {"action_time": "2021-04-19T12:44:47.851Z", "user": 1, "content_type": 10, "object_id": "21", "object_repr": "ООО \"Оптовая\"|Альфа-Банк", "action_flag": 2, "change_message": "[{\"changed\": {\"fields\": [\"Balance\"]}}]"}}, {"model": "admin.logentry", "pk": 149, "fields": {"action_time": "2021-04-19T12:44:53.837Z", "user": 1, "content_type": 10, "object_id": "22", "object_repr": "ООО \"КПТ\"|Райффайзен", "action_flag": 2, "change_message": "[{\"changed\": {\"fields\": [\"Balance\"]}}]"}}, {"model": "admin.logentry", "pk": 150, "fields": {"action_time": "2021-04-19T12:44:58.445Z", "user": 1, "content_type": 10, "object_id": "23", "object_repr": "ООО \"КПТ\"|Открытие", "action_flag": 2, "change_message": "[{\"changed\": {\"fields\": [\"Balance\"]}}]"}}, {"model": "admin.logentry", "pk": 151, "fields": {"action_time": "2021-04-19T12:45:03.399Z", "user": 1, "content_type": 10, "object_id": "24", "object_repr": "ООО \"КПТ\"|Альфа-Банк", "action_flag": 2, "change_message": "[{\"changed\": {\"fields\": [\"Balance\"]}}]"}}, {"model": "admin.logentry", "pk": 152, "fields": {"action_time": "2021-04-19T13:05:43.192Z", "user": 1, "content_type": 8, "object_id": "11", "object_repr": "ООО \"ОПТОВАЯТОРГОВЛЯ\"", "action_flag": 2, "change_message": "[{\"changed\": {\"fields\": [\"\\u041d\\u0430\\u0437\\u0432\\u0430\\u043d\\u0438\\u0435 \\u0444\\u0438\\u0440\\u043c\\u044b\"]}}]"}}, {"model": "admin.logentry", "pk": 153, "fields": {"action_time": "2021-04-26T07:08:35.758Z", "user": 1, "content_type": 8, "object_id": "13", "object_repr": "ООО \"СПК21\"", "action_flag": 1, "change_message": "[{\"added\": {}}]"}}, {"model": "admin.logentry", "pk": 154, "fields": {"action_time": "2021-04-26T07:09:06.527Z", "user": 1, "content_type": 10, "object_id": "25", "object_repr": "ООО \"СПК21\"|Альфа-Банк", "action_flag": 1, "change_message": "[{\"added\": {}}]"}}, {"model": "admin.logentry", "pk": 155, "fields": {"action_time": "2021-04-26T07:09:20.163Z", "user": 1, "content_type": 10, "object_id": "25", "object_repr": "ООО \"СПК21\"|Альфа-Банк", "action_flag": 2, "change_message": "[{\"changed\": {\"fields\": [\"Balance\"]}}]"}}, {"model": "admin.logentry", "pk": 156, "fields": {"action_time": "2021-04-26T07:30:19.735Z", "user": 1, "content_type": 7, "object_id": "4", "object_repr": "Дугаев Дмитрий Николаевич", "action_flag": 1, "change_message": "[{\"added\": {}}]"}}, {"model": "admin.logentry", "pk": 157, "fields": {"action_time": "2021-04-26T07:30:32.914Z", "user": 1, "content_type": 8, "object_id": "13", "object_repr": "ООО \"СПК21\"", "action_flag": 2, "change_message": "[{\"changed\": {\"fields\": [\"\\u0414\\u0438\\u0440\\u0435\\u043a\\u0442\\u043e\\u0440\"]}}]"}}, {"model": "admin.logentry", "pk": 158, "fields": {"action_time": "2021-04-26T07:55:12.306Z", "user": 1, "content_type": 7, "object_id": "4", "object_repr": "Дугаев Дмитрий Николаевич", "action_flag": 3, "change_message": ""}}, {"model": "admin.logentry", "pk": 159, "fields": {"action_time": "2021-04-26T07:55:12.332Z", "user": 1, "content_type": 7, "object_id": "3", "object_repr": "Алексеев Игорь Александрович", "action_flag": 3, "change_message": ""}}, {"model": "admin.logentry", "pk": 160, "fields": {"action_time": "2021-04-26T07:55:12.356Z", "user": 1, "content_type": 7, "object_id": "2", "object_repr": "Ананян Мартун Ашотович", "action_flag": 3, "change_message": ""}}, {"model": "admin.logentry", "pk": 161, "fields": {"action_time": "2021-04-26T07:55:12.382Z", "user": 1, "content_type": 7, "object_id": "1", "object_repr": "Безус Анастасия Викторовна", "action_flag": 3, "change_message": ""}}, {"model": "admin.logentry", "pk": 162, "fields": {"action_time": "2021-04-26T08:39:43.568Z", "user": 1, "content_type": 7, "object_id": "5", "object_repr": "Астахова Дарья Алексеевна", "action_flag": 1, "change_message": "[{\"added\": {}}]"}}, {"model": "admin.logentry", "pk": 163, "fields": {"action_time": "2021-04-26T08:40:26.373Z", "user": 1, "content_type": 7, "object_id": "6", "object_repr": "Бондаренко Дмитрий Сергеевич", "action_flag": 1, "change_message": "[{\"added\": {}}]"}}, {"model": "admin.logentry", "pk": 164, "fields": {"action_time": "2021-04-26T08:41:20.604Z", "user": 1, "content_type": 7, "object_id": "7", "object_repr": "Бурьяненко Владимир Алексеевич", "action_flag": 1, "change_message": "[{\"added\": {}}]"}}, {"model": "admin.logentry", "pk": 165, "fields": {"action_time": "2021-04-26T08:42:08.963Z", "user": 1, "content_type": 7, "object_id": "8", "object_repr": "Дугаев Дмитрий Николаевич", "action_flag": 1, "change_message": "[{\"added\": {}}]"}}, {"model": "admin.logentry", "pk": 166, "fields": {"action_time": "2021-04-26T08:43:09.449Z", "user": 1, "content_type": 7, "object_id": "9", "object_repr": "Олейникова Наталья Ивановна", "action_flag": 1, "change_message": "[{\"added\": {}}]"}}, {"model": "admin.logentry", "pk": 167, "fields": {"action_time": "2021-04-26T08:43:52.867Z", "user": 1, "content_type": 7, "object_id": "10", "object_repr": "Саакян Саркис Александрович", "action_flag": 1, "change_message": "[{\"added\": {}}]"}}, {"model": "admin.logentry", "pk": 168, "fields": {"action_time": "2021-04-26T08:44:39.778Z", "user": 1, "content_type": 7, "object_id": "11", "object_repr": "Филенко Станислав Андреевич", "action_flag": 1, "change_message": "[{\"added\": {}}]"}}, {"model": "admin.logentry", "pk": 169, "fields": {"action_time": "2021-04-26T08:45:20.649Z", "user": 1, "content_type": 7, "object_id": "12", "object_repr": "Филимонов Владимир Павлович", "action_flag": 1, "change_message": "[{\"added\": {}}]"}}, {"model": "admin.logentry", "pk": 170, "fields": {"action_time": "2021-04-26T08:46:02.955Z", "user": 1, "content_type": 7, "object_id": "13", "object_repr": "Яковлева Анна Андреевна", "action_flag": 1, "change_message": "[{\"added\": {}}]"}}, {"model": "admin.logentry", "pk": 171, "fields": {"action_time": "2021-04-26T08:46:46.606Z", "user": 1, "content_type": 7, "object_id": "14", "object_repr": "Яровой Денис Вячеславович", "action_flag": 1, "change_message": "[{\"added\": {}}]"}}, {"model": "admin.logentry", "pk": 172, "fields": {"action_time": "2021-04-26T08:48:48.496Z", "user": 1, "content_type": 8, "object_id": "14", "object_repr": "ООО \"РАКЕТА\"", "action_flag": 1, "change_message": "[{\"added\": {}}]"}}, {"model": "admin.logentry", "pk": 173, "fields": {"action_time": "2021-04-26T08:49:26.513Z", "user": 1, "content_type": 8, "object_id": "15", "object_repr": "ООО \"ОПТОВАЯТОРГОВЛЯ\"", "action_flag": 1, "change_message": "[{\"added\": {}}]"}}, {"model": "admin.logentry", "pk": 174, "fields": {"action_time": "2021-04-26T08:50:06.096Z", "user": 1, "content_type": 8, "object_id": "16", "object_repr": "ООО \"КПТ\"", "action_flag": 1, "change_message": "[{\"added\": {}}]"}}, {"model": "admin.logentry", "pk": 175, "fields": {"action_time": "2021-04-26T08:51:02.132Z", "user": 1, "content_type": 8, "object_id": "17", "object_repr": "ООО \"ПАРСЕР\"", "action_flag": 1, "change_message": "[{\"added\": {}}]"}}, {"model": "admin.logentry", "pk": 176, "fields": {"action_time": "2021-04-26T08:51:42.935Z", "user": 1, "content_type": 8, "object_id": "18", "object_repr": "ООО \"АвтоПилот98\"", "action_flag": 1, "change_message": "[{\"added\": {}}]"}}, {"model": "admin.logentry", "pk": 177, "fields": {"action_time": "2021-04-26T08:52:30.952Z", "user": 1, "content_type": 8, "object_id": "19", "object_repr": "ООО \"ВОСТОК\"", "action_flag": 1, "change_message": "[{\"added\": {}}]"}}, {"model": "admin.logentry", "pk": 178, "fields": {"action_time": "2021-04-26T08:53:11.767Z", "user": 1, "content_type": 8, "object_id": "20", "object_repr": "ООО \"Победа\"", "action_flag": 1, "change_message": "[{\"added\": {}}]"}}, {"model": "admin.logentry", "pk": 179, "fields": {"action_time": "2021-04-26T08:53:51.213Z", "user": 1, "content_type": 8, "object_id": "21", "object_repr": "ООО \"ИНКОМ\"", "action_flag": 1, "change_message": "[{\"added\": {}}]"}}, {"model": "admin.logentry", "pk": 180, "fields": {"action_time": "2021-04-26T08:54:27.796Z", "user": 1, "content_type": 8, "object_id": "22", "object_repr": "ООО \" Тлк-Экспресс\"", "action_flag": 1, "change_message": "[{\"added\": {}}]"}}, {"model": "admin.logentry", "pk": 181, "fields": {"action_time": "2021-04-26T08:55:18.970Z", "user": 1, "content_type": 8, "object_id": "23", "object_repr": "ООО \"АЛТРАК\"", "action_flag": 1, "change_message": "[{\"added\": {}}]"}}, {"model": "admin.logentry", "pk": 182, "fields": {"action_time": "2021-04-26T08:55:56.791Z", "user": 1, "content_type": 8, "object_id": "24", "object_repr": "ООО \"СУ\"", "action_flag": 1, "change_message": "[{\"added\": {}}]"}}, {"model": "admin.logentry", "pk": 183, "fields": {"action_time": "2021-04-26T08:56:40.829Z", "user": 1, "content_type": 8, "object_id": "25", "object_repr": "ООО \"ВАЛЬГАЛА\"", "action_flag": 1, "change_message": "[{\"added\": {}}]"}}, {"model": "admin.logentry", "pk": 184, "fields": {"action_time": "2021-04-26T09:07:53.349Z", "user": 1, "content_type": 8, "object_id": "26", "object_repr": "ООО \"АЛЬТИНГ\"", "action_flag": 1, "change_message": "[{\"added\": {}}]"}}, {"model": "admin.logentry", "pk": 185, "fields": {"action_time": "2021-04-26T09:08:33.018Z", "user": 1, "content_type": 8, "object_id": "27", "object_repr": "ООО \"ЗерноМука\"", "action_flag": 1, "change_message": "[{\"added\": {}}]"}}, {"model": "admin.logentry", "pk": 186, "fields": {"action_time": "2021-04-26T09:12:45.903Z", "user": 1, "content_type": 8, "object_id": "28", "object_repr": "ООО \"ВОЗКОМ\"", "action_flag": 1, "change_message": "[{\"added\": {}}]"}}, {"model": "admin.logentry", "pk": 187, "fields": {"action_time": "2021-04-26T09:15:37.547Z", "user": 1, "content_type": 8, "object_id": "29", "object_repr": "ООО \"СПК21\"", "action_flag": 1, "change_message": "[{\"added\": {}}]"}}, {"model": "admin.logentry", "pk": 188, "fields": {"action_time": "2021-04-26T09:16:14.668Z", "user": 1, "content_type": 8, "object_id": "30", "object_repr": "ООО \"Экопродукт\"", "action_flag": 1, "change_message": "[{\"added\": {}}]"}}, {"model": "admin.logentry", "pk": 189, "fields": {"action_time": "2021-04-26T09:17:18.486Z", "user": 1, "content_type": 8, "object_id": "31", "object_repr": "ООО \"ПК СТРОЙПОМ\"", "action_flag": 1, "change_message": "[{\"added\": {}}]"}}, {"model": "admin.logentry", "pk": 190, "fields": {"action_time": "2021-04-26T09:17:57.112Z", "user": 1, "content_type": 8, "object_id": "32", "object_repr": "ООО \"ДЕЛАВТО\"", "action_flag": 1, "change_message": "[{\"added\": {}}]"}}, {"model": "admin.logentry", "pk": 191, "fields": {"action_time": "2021-04-26T09:18:34.239Z", "user": 1, "content_type": 8, "object_id": "33", "object_repr": "ООО \"АВТОЛАЙНЕР161\"", "action_flag": 1, "change_message": "[{\"added\": {}}]"}}, {"model": "admin.logentry", "pk": 192, "fields": {"action_time": "2021-04-26T09:20:27.704Z", "user": 1, "content_type": 8, "object_id": "34", "object_repr": "ООО \"ТрансКап\"", "action_flag": 1, "change_message": "[{\"added\": {}}]"}}, {"model": "admin.logentry", "pk": 193, "fields": {"action_time": "2021-04-26T09:22:52.062Z", "user": 1, "content_type": 10, "object_id": "26", "object_repr": "ООО \"РАКЕТА\"|Райффайзен", "action_flag": 1, "change_message": "[{\"added\": {}}]"}}, {"model": "admin.logentry", "pk": 194, "fields": {"action_time": "2021-04-26T09:23:10.010Z", "user": 1, "content_type": 10, "object_id": "27", "object_repr": "ООО \"РАКЕТА\"|Открытие", "action_flag": 1, "change_message": "[{\"added\": {}}]"}}, {"model": "admin.logentry", "pk": 195, "fields": {"action_time": "2021-04-26T09:23:29.989Z", "user": 1, "content_type": 10, "object_id": "28", "object_repr": "ООО \"РАКЕТА\"|Альфа-Банк", "action_flag": 1, "change_message": "[{\"added\": {}}]"}}, {"model": "admin.logentry", "pk": 196, "fields": {"action_time": "2021-04-26T09:24:08.273Z", "user": 1, "content_type": 10, "object_id": "29", "object_repr": "ООО \"ОПТОВАЯТОРГОВЛЯ\"|Райффайзен", "action_flag": 1, "change_message": "[{\"added\": {}}]"}}, {"model": "admin.logentry", "pk": 197, "fields": {"action_time": "2021-04-26T09:24:35.715Z", "user": 1, "content_type": 10, "object_id": "30", "object_repr": "ООО \"ОПТОВАЯТОРГОВЛЯ\"|Открытие", "action_flag": 1, "change_message": "[{\"added\": {}}]"}}, {"model": "admin.logentry", "pk": 198, "fields": {"action_time": "2021-04-26T09:24:52.113Z", "user": 1, "content_type": 10, "object_id": "31", "object_repr": "ООО \"ОПТОВАЯТОРГОВЛЯ\"|Альфа-Банк", "action_flag": 1, "change_message": "[{\"added\": {}}]"}}, {"model": "admin.logentry", "pk": 199, "fields": {"action_time": "2021-04-26T09:25:23.844Z", "user": 1, "content_type": 10, "object_id": "32", "object_repr": "ООО \"КПТ\"|Райффайзен", "action_flag": 1, "change_message": "[{\"added\": {}}]"}}, {"model": "admin.logentry", "pk": 200, "fields": {"action_time": "2021-04-26T09:25:43.477Z", "user": 1, "content_type": 10, "object_id": "33", "object_repr": "ООО \"КПТ\"|Открытие", "action_flag": 1, "change_message": "[{\"added\": {}}]"}}, {"model": "admin.logentry", "pk": 201, "fields": {"action_time": "2021-04-26T09:26:05.518Z", "user": 1, "content_type": 10, "object_id": "34", "object_repr": "ООО \"КПТ\"|Альфа-Банк", "action_flag": 1, "change_message": "[{\"added\": {}}]"}}, {"model": "admin.logentry", "pk": 202, "fields": {"action_time": "2021-04-26T09:26:36.739Z", "user": 1, "content_type": 10, "object_id": "35", "object_repr": "ООО \"ПАРСЕР\"|Райффайзен", "action_flag": 1, "change_message": "[{\"added\": {}}]"}}, {"model": "admin.logentry", "pk": 203, "fields": {"action_time": "2021-04-26T09:26:53.710Z", "user": 1, "content_type": 10, "object_id": "36", "object_repr": "ООО \"ПАРСЕР\"|Открытие", "action_flag": 1, "change_message": "[{\"added\": {}}]"}}, {"model": "admin.logentry", "pk": 204, "fields": {"action_time": "2021-04-26T09:27:23.192Z", "user": 1, "content_type": 10, "object_id": "37", "object_repr": "ООО \"ПАРСЕР\"|Альфа-Банк", "action_flag": 1, "change_message": "[{\"added\": {}}]"}}, {"model": "admin.logentry", "pk": 205, "fields": {"action_time": "2021-04-26T09:27:47.494Z", "user": 1, "content_type": 10, "object_id": "38", "object_repr": "ООО \"АвтоПилот98\"|Райффайзен", "action_flag": 1, "change_message": "[{\"added\": {}}]"}}, {"model": "admin.logentry", "pk": 206, "fields": {"action_time": "2021-04-26T09:28:28.928Z", "user": 1, "content_type": 10, "object_id": "39", "object_repr": "ООО \"АвтоПилот98\"|Открытие", "action_flag": 1, "change_message": "[{\"added\": {}}]"}}, {"model": "admin.logentry", "pk": 207, "fields": {"action_time": "2021-04-26T09:28:47.209Z", "user": 1, "content_type": 10, "object_id": "40", "object_repr": "ООО \"АвтоПилот98\"|Альфа-Банк", "action_flag": 1, "change_message": "[{\"added\": {}}]"}}, {"model": "admin.logentry", "pk": 208, "fields": {"action_time": "2021-04-26T09:29:06.817Z", "user": 1, "content_type": 10, "object_id": "41", "object_repr": "ООО \"ВОСТОК\"|Открытие", "action_flag": 1, "change_message": "[{\"added\": {}}]"}}, {"model": "admin.logentry", "pk": 209, "fields": {"action_time": "2021-04-26T09:29:25.317Z", "user": 1, "content_type": 10, "object_id": "42", "object_repr": "ООО \"ВОСТОК\"|Альфа-Банк", "action_flag": 1, "change_message": "[{\"added\": {}}]"}}, {"model": "admin.logentry", "pk": 210, "fields": {"action_time": "2021-04-26T09:29:50.261Z", "user": 1, "content_type": 10, "object_id": "43", "object_repr": "ООО \"Победа\"|Райффайзен", "action_flag": 1, "change_message": "[{\"added\": {}}]"}}, {"model": "admin.logentry", "pk": 211, "fields": {"action_time": "2021-04-26T09:30:09.722Z", "user": 1, "content_type": 10, "object_id": "44", "object_repr": "ООО \"Победа\"|Открытие", "action_flag": 1, "change_message": "[{\"added\": {}}]"}}, {"model": "admin.logentry", "pk": 212, "fields": {"action_time": "2021-04-26T09:30:25.463Z", "user": 1, "content_type": 10, "object_id": "45", "object_repr": "ООО \"Победа\"|Альфа-Банк", "action_flag": 1, "change_message": "[{\"added\": {}}]"}}, {"model": "admin.logentry", "pk": 213, "fields": {"action_time": "2021-04-26T09:30:46.714Z", "user": 1, "content_type": 10, "object_id": "46", "object_repr": "ООО \"ИНКОМ\"|Открытие", "action_flag": 1, "change_message": "[{\"added\": {}}]"}}, {"model": "admin.logentry", "pk": 214, "fields": {"action_time": "2021-04-26T09:31:07.205Z", "user": 1, "content_type": 10, "object_id": "47", "object_repr": "ООО \"ИНКОМ\"|Альфа-Банк", "action_flag": 1, "change_message": "[{\"added\": {}}]"}}, {"model": "admin.logentry", "pk": 215, "fields": {"action_time": "2021-04-26T09:31:40.972Z", "user": 1, "content_type": 8, "object_id": "22", "object_repr": "ООО \"Тлк-Экспресс\"", "action_flag": 2, "change_message": "[{\"changed\": {\"fields\": [\"\\u041d\\u0430\\u0437\\u0432\\u0430\\u043d\\u0438\\u0435 \\u0444\\u0438\\u0440\\u043c\\u044b\"]}}]"}}, {"model": "admin.logentry", "pk": 216, "fields": {"action_time": "2021-04-26T09:32:20.821Z", "user": 1, "content_type": 10, "object_id": "48", "object_repr": "ООО \"Тлк-Экспресс\"|Райффайзен", "action_flag": 1, "change_message": "[{\"added\": {}}]"}}, {"model": "admin.logentry", "pk": 217, "fields": {"action_time": "2021-04-26T09:32:41.941Z", "user": 1, "content_type": 10, "object_id": "49", "object_repr": "ООО \"Тлк-Экспресс\"|Открытие", "action_flag": 1, "change_message": "[{\"added\": {}}]"}}, {"model": "admin.logentry", "pk": 218, "fields": {"action_time": "2021-04-26T09:33:00.188Z", "user": 1, "content_type": 10, "object_id": "50", "object_repr": "ООО \"Тлк-Экспресс\"|Альфа-Банк", "action_flag": 1, "change_message": "[{\"added\": {}}]"}}, {"model": "admin.logentry", "pk": 219, "fields": {"action_time": "2021-04-26T09:33:19.766Z", "user": 1, "content_type": 10, "object_id": "51", "object_repr": "ООО \"АЛТРАК\"|Райффайзен", "action_flag": 1, "change_message": "[{\"added\": {}}]"}}, {"model": "admin.logentry", "pk": 220, "fields": {"action_time": "2021-04-26T09:33:36.326Z", "user": 1, "content_type": 10, "object_id": "52", "object_repr": "ООО \"АЛТРАК\"|Открытие", "action_flag": 1, "change_message": "[{\"added\": {}}]"}}, {"model": "admin.logentry", "pk": 221, "fields": {"action_time": "2021-04-26T09:33:52.742Z", "user": 1, "content_type": 10, "object_id": "53", "object_repr": "ООО \"АЛТРАК\"|Альфа-Банк", "action_flag": 1, "change_message": "[{\"added\": {}}]"}}, {"model": "admin.logentry", "pk": 222, "fields": {"action_time": "2021-04-26T09:34:16.067Z", "user": 1, "content_type": 10, "object_id": "54", "object_repr": "ООО \"СУ\"|Райффайзен", "action_flag": 1, "change_message": "[{\"added\": {}}]"}}, {"model": "admin.logentry", "pk": 223, "fields": {"action_time": "2021-04-26T09:34:35.772Z", "user": 1, "content_type": 10, "object_id": "55", "object_repr": "ООО \"СУ\"|Открытие", "action_flag": 1, "change_message": "[{\"added\": {}}]"}}, {"model": "admin.logentry", "pk": 224, "fields": {"action_time": "2021-04-26T09:34:56.107Z", "user": 1, "content_type": 10, "object_id": "56", "object_repr": "ООО \"СУ\"|Альфа-Банк", "action_flag": 1, "change_message": "[{\"added\": {}}]"}}, {"model": "admin.logentry", "pk": 225, "fields": {"action_time": "2021-04-26T09:35:18.514Z", "user": 1, "content_type": 10, "object_id": "57", "object_repr": "ООО \"ВАЛЬГАЛА\"|Открытие", "action_flag": 1, "change_message": "[{\"added\": {}}]"}}, {"model": "admin.logentry", "pk": 226, "fields": {"action_time": "2021-04-26T09:35:36.839Z", "user": 1, "content_type": 10, "object_id": "58", "object_repr": "ООО \"ВАЛЬГАЛА\"|Альфа-Банк", "action_flag": 1, "change_message": "[{\"added\": {}}]"}}, {"model": "admin.logentry", "pk": 227, "fields": {"action_time": "2021-04-26T09:35:58.098Z", "user": 1, "content_type": 10, "object_id": "59", "object_repr": "ООО \"ЗерноМука\"|Райффайзен", "action_flag": 1, "change_message": "[{\"added\": {}}]"}}, {"model": "admin.logentry", "pk": 228, "fields": {"action_time": "2021-04-26T09:36:20.692Z", "user": 1, "content_type": 10, "object_id": "60", "object_repr": "ООО \"ЗерноМука\"|Открытие", "action_flag": 1, "change_message": "[{\"added\": {}}]"}}, {"model": "admin.logentry", "pk": 229, "fields": {"action_time": "2021-04-26T09:36:40.953Z", "user": 1, "content_type": 10, "object_id": "61", "object_repr": "ООО \"ЗерноМука\"|Альфа-Банк", "action_flag": 1, "change_message": "[{\"added\": {}}]"}}, {"model": "admin.logentry", "pk": 230, "fields": {"action_time": "2021-04-26T09:37:05.287Z", "user": 1, "content_type": 10, "object_id": "62", "object_repr": "ООО \"ВОЗКОМ\"|Райффайзен", "action_flag": 1, "change_message": "[{\"added\": {}}]"}}, {"model": "admin.logentry", "pk": 231, "fields": {"action_time": "2021-04-26T09:37:21.713Z", "user": 1, "content_type": 10, "object_id": "63", "object_repr": "ООО \"ВОЗКОМ\"|Открытие", "action_flag": 1, "change_message": "[{\"added\": {}}]"}}, {"model": "admin.logentry", "pk": 232, "fields": {"action_time": "2021-04-26T09:37:39.658Z", "user": 1, "content_type": 10, "object_id": "64", "object_repr": "ООО \"ВОЗКОМ\"|Альфа-Банк", "action_flag": 1, "change_message": "[{\"added\": {}}]"}}, {"model": "admin.logentry", "pk": 233, "fields": {"action_time": "2021-04-26T09:38:02.179Z", "user": 1, "content_type": 10, "object_id": "65", "object_repr": "ООО \"СПК21\"|Открытие", "action_flag": 1, "change_message": "[{\"added\": {}}]"}}, {"model": "admin.logentry", "pk": 234, "fields": {"action_time": "2021-04-26T09:38:25.119Z", "user": 1, "content_type": 10, "object_id": "66", "object_repr": "ООО \"СПК21\"|Альфа-Банк", "action_flag": 1, "change_message": "[{\"added\": {}}]"}}, {"model": "admin.logentry", "pk": 235, "fields": {"action_time": "2021-04-26T09:39:08.358Z", "user": 1, "content_type": 10, "object_id": "67", "object_repr": "ООО \"Экопродукт\"|Райффайзен", "action_flag": 1, "change_message": "[{\"added\": {}}]"}}, {"model": "admin.logentry", "pk": 236, "fields": {"action_time": "2021-04-26T09:39:27.258Z", "user": 1, "content_type": 10, "object_id": "68", "object_repr": "ООО \"Экопродукт\"|Открытие", "action_flag": 1, "change_message": "[{\"added\": {}}]"}}, {"model": "admin.logentry", "pk": 237, "fields": {"action_time": "2021-04-26T09:39:47.029Z", "user": 1, "content_type": 10, "object_id": "69", "object_repr": "ООО \"Экопродукт\"|Альфа-Банк", "action_flag": 1, "change_message": "[{\"added\": {}}]"}}, {"model": "admin.logentry", "pk": 238, "fields": {"action_time": "2021-04-26T09:40:10.034Z", "user": 1, "content_type": 10, "object_id": "70", "object_repr": "ООО \"ПК СТРОЙПОМ\"|Райффайзен", "action_flag": 1, "change_message": "[{\"added\": {}}]"}}, {"model": "admin.logentry", "pk": 239, "fields": {"action_time": "2021-04-26T09:40:23.543Z", "user": 1, "content_type": 10, "object_id": "71", "object_repr": "ООО \"ПК СТРОЙПОМ\"|Открытие", "action_flag": 1, "change_message": "[{\"added\": {}}]"}}, {"model": "admin.logentry", "pk": 240, "fields": {"action_time": "2021-04-26T09:40:40.208Z", "user": 1, "content_type": 10, "object_id": "72", "object_repr": "ООО \"ПК СТРОЙПОМ\"|Альфа-Банк", "action_flag": 1, "change_message": "[{\"added\": {}}]"}}, {"model": "admin.logentry", "pk": 241, "fields": {"action_time": "2021-04-26T09:40:59.543Z", "user": 1, "content_type": 10, "object_id": "73", "object_repr": "ООО \"ДЕЛАВТО\"|Райффайзен", "action_flag": 1, "change_message": "[{\"added\": {}}]"}}, {"model": "admin.logentry", "pk": 242, "fields": {"action_time": "2021-04-26T09:41:15.832Z", "user": 1, "content_type": 10, "object_id": "74", "object_repr": "ООО \"ДЕЛАВТО\"|Открытие", "action_flag": 1, "change_message": "[{\"added\": {}}]"}}, {"model": "admin.logentry", "pk": 243, "fields": {"action_time": "2021-04-26T09:41:37.965Z", "user": 1, "content_type": 10, "object_id": "75", "object_repr": "ООО \"ДЕЛАВТО\"|Альфа-Банк", "action_flag": 1, "change_message": "[{\"added\": {}}]"}}, {"model": "admin.logentry", "pk": 244, "fields": {"action_time": "2021-04-26T09:42:04.325Z", "user": 1, "content_type": 10, "object_id": "76", "object_repr": "ООО \"АВТОЛАЙНЕР161\"|Райффайзен", "action_flag": 1, "change_message": "[{\"added\": {}}]"}}, {"model": "admin.logentry", "pk": 245, "fields": {"action_time": "2021-04-26T09:42:20.243Z", "user": 1, "content_type": 10, "object_id": "77", "object_repr": "ООО \"АВТОЛАЙНЕР161\"|Открытие", "action_flag": 1, "change_message": "[{\"added\": {}}]"}}, {"model": "admin.logentry", "pk": 246, "fields": {"action_time": "2021-04-26T09:42:35.367Z", "user": 1, "content_type": 10, "object_id": "78", "object_repr": "ООО \"АВТОЛАЙНЕР161\"|Альфа-Банк", "action_flag": 1, "change_message": "[{\"added\": {}}]"}}, {"model": "auth.permission", "pk": 1, "fields": {"name": "Can add log entry", "content_type": 1, "codename": "add_logentry"}}, {"model": "auth.permission", "pk": 2, "fields": {"name": "Can change log entry", "content_type": 1, "codename": "change_logentry"}}, {"model": "auth.permission", "pk": 3, "fields": {"name": "Can delete log entry", "content_type": 1, "codename": "delete_logentry"}}, {"model": "auth.permission", "pk": 4, "fields": {"name": "Can view log entry", "content_type": 1, "codename": "view_logentry"}}, {"model": "auth.permission", "pk": 5, "fields": {"name": "Can add permission", "content_type": 2, "codename": "add_permission"}}, {"model": "auth.permission", "pk": 6, "fields": {"name": "Can change permission", "content_type": 2, "codename": "change_permission"}}, {"model": "auth.permission", "pk": 7, "fields": {"name": "Can delete permission", "content_type": 2, "codename": "delete_permission"}}, {"model": "auth.permission", "pk": 8, "fields": {"name": "Can view permission", "content_type": 2, "codename": "view_permission"}}, {"model": "auth.permission", "pk": 9, "fields": {"name": "Can add group", "content_type": 3, "codename": "add_group"}}, {"model": "auth.permission", "pk": 10, "fields": {"name": "Can change group", "content_type": 3, "codename": "change_group"}}, {"model": "auth.permission", "pk": 11, "fields": {"name": "Can delete group", "content_type": 3, "codename": "delete_group"}}, {"model": "auth.permission", "pk": 12, "fields": {"name": "Can view group", "content_type": 3, "codename": "view_group"}}, {"model": "auth.permission", "pk": 13, "fields": {"name": "Can add user", "content_type": 4, "codename": "add_user"}}, {"model": "auth.permission", "pk": 14, "fields": {"name": "Can change user", "content_type": 4, "codename": "change_user"}}, {"model": "auth.permission", "pk": 15, "fields": {"name": "Can delete user", "content_type": 4, "codename": "delete_user"}}, {"model": "auth.permission", "pk": 16, "fields": {"name": "Can view user", "content_type": 4, "codename": "view_user"}}, {"model": "auth.permission", "pk": 17, "fields": {"name": "Can add content type", "content_type": 5, "codename": "add_contenttype"}}, {"model": "auth.permission", "pk": 18, "fields": {"name": "Can change content type", "content_type": 5, "codename": "change_contenttype"}}, {"model": "auth.permission", "pk": 19, "fields": {"name": "Can delete content type", "content_type": 5, "codename": "delete_contenttype"}}, {"model": "auth.permission", "pk": 20, "fields": {"name": "Can view content type", "content_type": 5, "codename": "view_contenttype"}}, {"model": "auth.permission", "pk": 21, "fields": {"name": "Can add session", "content_type": 6, "codename": "add_session"}}, {"model": "auth.permission", "pk": 22, "fields": {"name": "Can change session", "content_type": 6, "codename": "change_session"}}, {"model": "auth.permission", "pk": 23, "fields": {"name": "Can delete session", "content_type": 6, "codename": "delete_session"}}, {"model": "auth.permission", "pk": 24, "fields": {"name": "Can view session", "content_type": 6, "codename": "view_session"}}, {"model": "auth.permission", "pk": 25, "fields": {"name": "Can add director", "content_type": 7, "codename": "add_director"}}, {"model": "auth.permission", "pk": 26, "fields": {"name": "Can change director", "content_type": 7, "codename": "change_director"}}, {"model": "auth.permission", "pk": 27, "fields": {"name": "Can delete director", "content_type": 7, "codename": "delete_director"}}, {"model": "auth.permission", "pk": 28, "fields": {"name": "Can view director", "content_type": 7, "codename": "view_director"}}, {"model": "auth.permission", "pk": 29, "fields": {"name": "Can add company", "content_type": 8, "codename": "add_company"}}, {"model": "auth.permission", "pk": 30, "fields": {"name": "Can change company", "content_type": 8, "codename": "change_company"}}, {"model": "auth.permission", "pk": 31, "fields": {"name": "Can delete company", "content_type": 8, "codename": "delete_company"}}, {"model": "auth.permission", "pk": 32, "fields": {"name": "Can view company", "content_type": 8, "codename": "view_company"}}, {"model": "auth.permission", "pk": 33, "fields": {"name": "Can add bank", "content_type": 9, "codename": "add_bank"}}, {"model": "auth.permission", "pk": 34, "fields": {"name": "Can change bank", "content_type": 9, "codename": "change_bank"}}, {"model": "auth.permission", "pk": 35, "fields": {"name": "Can delete bank", "content_type": 9, "codename": "delete_bank"}}, {"model": "auth.permission", "pk": 36, "fields": {"name": "Can view bank", "content_type": 9, "codename": "view_bank"}}, {"model": "auth.permission", "pk": 37, "fields": {"name": "Can add bank account", "content_type": 10, "codename": "add_bankaccount"}}, {"model": "auth.permission", "pk": 38, "fields": {"name": "Can change bank account", "content_type": 10, "codename": "change_bankaccount"}}, {"model": "auth.permission", "pk": 39, "fields": {"name": "Can delete bank account", "content_type": 10, "codename": "delete_bankaccount"}}, {"model": "auth.permission", "pk": 40, "fields": {"name": "Can view bank account", "content_type": 10, "codename": "view_bankaccount"}}, {"model": "auth.permission", "pk": 41, "fields": {"name": "Can add crontab", "content_type": 11, "codename": "add_crontabschedule"}}, {"model": "auth.permission", "pk": 42, "fields": {"name": "Can change crontab", "content_type": 11, "codename": "change_crontabschedule"}}, {"model": "auth.permission", "pk": 43, "fields": {"name": "Can delete crontab", "content_type": 11, "codename": "delete_crontabschedule"}}, {"model": "auth.permission", "pk": 44, "fields": {"name": "Can view crontab", "content_type": 11, "codename": "view_crontabschedule"}}, {"model": "auth.permission", "pk": 45, "fields": {"name": "Can add interval", "content_type": 12, "codename": "add_intervalschedule"}}, {"model": "auth.permission", "pk": 46, "fields": {"name": "Can change interval", "content_type": 12, "codename": "change_intervalschedule"}}, {"model": "auth.permission", "pk": 47, "fields": {"name": "Can delete interval", "content_type": 12, "codename": "delete_intervalschedule"}}, {"model": "auth.permission", "pk": 48, "fields": {"name": "Can view interval", "content_type": 12, "codename": "view_intervalschedule"}}, {"model": "auth.permission", "pk": 49, "fields": {"name": "Can add periodic task", "content_type": 13, "codename": "add_periodictask"}}, {"model": "auth.permission", "pk": 50, "fields": {"name": "Can change periodic task", "content_type": 13, "codename": "change_periodictask"}}, {"model": "auth.permission", "pk": 51, "fields": {"name": "Can delete periodic task", "content_type": 13, "codename": "delete_periodictask"}}, {"model": "auth.permission", "pk": 52, "fields": {"name": "Can view periodic task", "content_type": 13, "codename": "view_periodictask"}}, {"model": "auth.permission", "pk": 53, "fields": {"name": "Can add periodic tasks", "content_type": 14, "codename": "add_periodictasks"}}, {"model": "auth.permission", "pk": 54, "fields": {"name": "Can change periodic tasks", "content_type": 14, "codename": "change_periodictasks"}}, {"model": "auth.permission", "pk": 55, "fields": {"name": "Can delete periodic tasks", "content_type": 14, "codename": "delete_periodictasks"}}, {"model": "auth.permission", "pk": 56, "fields": {"name": "Can view periodic tasks", "content_type": 14, "codename": "view_periodictasks"}}, {"model": "auth.permission", "pk": 57, "fields": {"name": "Can add solar event", "content_type": 15, "codename": "add_solarschedule"}}, {"model": "auth.permission", "pk": 58, "fields": {"name": "Can change solar event", "content_type": 15, "codename": "change_solarschedule"}}, {"model": "auth.permission", "pk": 59, "fields": {"name": "Can delete solar event", "content_type": 15, "codename": "delete_solarschedule"}}, {"model": "auth.permission", "pk": 60, "fields": {"name": "Can view solar event", "content_type": 15, "codename": "view_solarschedule"}}, {"model": "auth.permission", "pk": 61, "fields": {"name": "Can add clocked", "content_type": 16, "codename": "add_clockedschedule"}}, {"model": "auth.permission", "pk": 62, "fields": {"name": "Can change clocked", "content_type": 16, "codename": "change_clockedschedule"}}, {"model": "auth.permission", "pk": 63, "fields": {"name": "Can delete clocked", "content_type": 16, "codename": "delete_clockedschedule"}}, {"model": "auth.permission", "pk": 64, "fields": {"name": "Can view clocked", "content_type": 16, "codename": "view_clockedschedule"}}, {"model": "auth.permission", "pk": 65, "fields": {"name": "Can add task result", "content_type": 17, "codename": "add_taskresult"}}, {"model": "auth.permission", "pk": 66, "fields": {"name": "Can change task result", "content_type": 17, "codename": "change_taskresult"}}, {"model": "auth.permission", "pk": 67, "fields": {"name": "Can delete task result", "content_type": 17, "codename": "delete_taskresult"}}, {"model": "auth.permission", "pk": 68, "fields": {"name": "Can view task result", "content_type": 17, "codename": "view_taskresult"}}, {"model": "auth.permission", "pk": 69, "fields": {"name": "Can add chord counter", "content_type": 18, "codename": "add_chordcounter"}}, {"model": "auth.permission", "pk": 70, "fields": {"name": "Can change chord counter", "content_type": 18, "codename": "change_chordcounter"}}, {"model": "auth.permission", "pk": 71, "fields": {"name": "Can delete chord counter", "content_type": 18, "codename": "delete_chordcounter"}}, {"model": "auth.permission", "pk": 72, "fields": {"name": "Can view chord counter", "content_type": 18, "codename": "view_chordcounter"}}, {"model": "auth.user", "pk": 1, "fields": {"password": "pbkdf2_sha256$216000$18y44uEdJ32y$rgJc8AzVssKcRf+ggrxLnW597PtdPwSVCBppPk7+yvM=", "last_login": "2021-04-26T06:48:27.150Z", "is_superuser": true, "username": "qeqe", "first_name": "", "last_name": "", "email": "", "is_staff": true, "is_active": true, "date_joined": "2021-02-26T11:47:43.940Z", "groups": [], "user_permissions": []}}, {"model": "contenttypes.contenttype", "pk": 1, "fields": {"app_label": "admin", "model": "logentry"}}, {"model": "contenttypes.contenttype", "pk": 2, "fields": {"app_label": "auth", "model": "permission"}}, {"model": "contenttypes.contenttype", "pk": 3, "fields": {"app_label": "auth", "model": "group"}}, {"model": "contenttypes.contenttype", "pk": 4, "fields": {"app_label": "auth", "model": "user"}}, {"model": "contenttypes.contenttype", "pk": 5, "fields": {"app_label": "contenttypes", "model": "contenttype"}}, {"model": "contenttypes.contenttype", "pk": 6, "fields": {"app_label": "sessions", "model": "session"}}, {"model": "contenttypes.contenttype", "pk": 7, "fields": {"app_label": "Director", "model": "director"}}, {"model": "contenttypes.contenttype", "pk": 8, "fields": {"app_label": "Company", "model": "company"}}, {"model": "contenttypes.contenttype", "pk": 9, "fields": {"app_label": "bank", "model": "bank"}}, {"model": "contenttypes.contenttype", "pk": 10, "fields": {"app_label": "bank", "model": "bankaccount"}}, {"model": "contenttypes.contenttype", "pk": 11, "fields": {"app_label": "django_celery_beat", "model": "crontabschedule"}}, {"model": "contenttypes.contenttype", "pk": 12, "fields": {"app_label": "django_celery_beat", "model": "intervalschedule"}}, {"model": "contenttypes.contenttype", "pk": 13, "fields": {"app_label": "django_celery_beat", "model": "periodictask"}}, {"model": "contenttypes.contenttype", "pk": 14, "fields": {"app_label": "django_celery_beat", "model": "periodictasks"}}, {"model": "contenttypes.contenttype", "pk": 15, "fields": {"app_label": "django_celery_beat", "model": "solarschedule"}}, {"model": "contenttypes.contenttype", "pk": 16, "fields": {"app_label": "django_celery_beat", "model": "clockedschedule"}}, {"model": "contenttypes.contenttype", "pk": 17, "fields": {"app_label": "django_celery_results", "model": "taskresult"}}, {"model": "contenttypes.contenttype", "pk": 18, "fields": {"app_label": "django_celery_results", "model": "chordcounter"}}, {"model": "sessions.session", "pk": "5awulfcer02giwxh9n73cg53quzqilte", "fields": {"session_data": ".eJxVjMsOwiAQRf-FtSEO0_Jw6b7fQAYYpGogKe3K-O_apAvd3nPOfQlP21r81nnxcxIXAeL0uwWKD647SHeqtyZjq-syB7kr8qBdTi3x83q4fweFevnWaKIeVcxhMDkrZwKaYNACWqVTPjuENOagEIDTwGgZrANH2mCErAnF-wPRtTdR:1lFbbF:8M-tNSs0Hcvi1Rm_L22vZYKj-JbPcmQpV16i1BxZfNg", "expire_date": "2021-03-12T11:48:01.713Z"}}, {"model": "sessions.session", "pk": "8e76053mw3ucb4d2gh047p7juhbs3kz1", "fields": {"session_data": ".eJxVjMsOwiAQRf-FtSEO0_Jw6b7fQAYYpGogKe3K-O_apAvd3nPOfQlP21r81nnxcxIXAeL0uwWKD647SHeqtyZjq-syB7kr8qBdTi3x83q4fweFevnWaKIeVcxhMDkrZwKaYNACWqVTPjuENOagEIDTwGgZrANH2mCErAnF-wPRtTdR:1lNDv5:3bYFWNLOD5NUZ6_T0uWV56HgiKLKYgqLs2Aje6oume4", "expire_date": "2021-04-02T12:07:59.368Z"}}, {"model": "sessions.session", "pk": "a01r55s1m6rwzs4mn86b4i7gp07857nn", "fields": {"session_data": ".eJxVjMsOwiAQRf-FtSEO0_Jw6b7fQAYYpGogKe3K-O_apAvd3nPOfQlP21r81nnxcxIXAeL0uwWKD647SHeqtyZjq-syB7kr8qBdTi3x83q4fweFevnWaKIeVcxhMDkrZwKaYNACWqVTPjuENOagEIDTwGgZrANH2mCErAnF-wPRtTdR:1lYRW9:UgewhjteFO7yzFtedCP5HR6i3lrALeSAqhKEO6RP_s0", "expire_date": "2021-05-03T10:52:37.841Z"}}, {"model": "sessions.session", "pk": "e10rnwm8s4vnqbiy9jucdba69hyoetfz", "fields": {"session_data": ".eJxVjMsOwiAQRf-FtSEO0_Jw6b7fQAYYpGogKe3K-O_apAvd3nPOfQlP21r81nnxcxIXAeL0uwWKD647SHeqtyZjq-syB7kr8qBdTi3x83q4fweFevnWaKIeVcxhMDkrZwKaYNACWqVTPjuENOagEIDTwGgZrANH2mCErAnF-wPRtTdR:1lOxuM:CmEJGSfv3l8uRFdhtxF5ysMp41kyy17m_YLT-DeU1Vg", "expire_date": "2021-04-07T07:26:26.702Z"}}, {"model": "sessions.session", "pk": "edn7dkc09npr5in37ep3dx8s2n9fh9sr", "fields": {"session_data": ".eJxVjMsOwiAQRf-FtSEO0_Jw6b7fQAYYpGogKe3K-O_apAvd3nPOfQlP21r81nnxcxIXAeL0uwWKD647SHeqtyZjq-syB7kr8qBdTi3x83q4fweFevnWaKIeVcxhMDkrZwKaYNACWqVTPjuENOagEIDTwGgZrANH2mCErAnF-wPRtTdR:1lLWXE:lfvELzr9Dfdagr7GdTOOv-erJAJJpdyEwr0Hk0vqvVc", "expire_date": "2021-03-28T19:36:20.799Z"}}, {"model": "sessions.session", "pk": "hc4n5zamqvl8plz033djr8fl04lfqbcr", "fields": {"session_data": ".eJxVjMsOwiAQRf-FtSEO0_Jw6b7fQAYYpGogKe3K-O_apAvd3nPOfQlP21r81nnxcxIXAeL0uwWKD647SHeqtyZjq-syB7kr8qBdTi3x83q4fweFevnWaKIeVcxhMDkrZwKaYNACWqVTPjuENOagEIDTwGgZrANH2mCErAnF-wPRtTdR:1lH2pf:cs8q9L2J-_F84Gs_xBAedh4WMv0Y1nf4PK-7l81ihiY", "expire_date": "2021-03-16T11:04:51.687Z"}}, {"model": "sessions.session", "pk": "jo0hdvz88u3ew2pgq3ny2hdor9h7ge55", "fields": {"session_data": ".eJxVjMsOwiAQRf-FtSEO0_Jw6b7fQAYYpGogKe3K-O_apAvd3nPOfQlP21r81nnxcxIXAeL0uwWKD647SHeqtyZjq-syB7kr8qBdTi3x83q4fweFevnWaKIeVcxhMDkrZwKaYNACWqVTPjuENOagEIDTwGgZrANH2mCErAnF-wPRtTdR:1lNNaR:4KBxDKzi_jk8H9vxyavvttYbuwfdD5ff1mv_7cxxMG0", "expire_date": "2021-04-02T22:27:19.770Z"}}, {"model": "sessions.session", "pk": "m6rymx4qt4kb8scky7i389vyzbdj27qn", "fields": {"session_data": ".eJxVjMsOwiAQRf-FtSEO0_Jw6b7fQAYYpGogKe3K-O_apAvd3nPOfQlP21r81nnxcxIXAeL0uwWKD647SHeqtyZjq-syB7kr8qBdTi3x83q4fweFevnWaKIeVcxhMDkrZwKaYNACWqVTPjuENOagEIDTwGgZrANH2mCErAnF-wPRtTdR:1lQkmi:6zgbz3QdctFFacPxTyk2U2lc7nUzS1h--GeTKxR4r3o", "expire_date": "2021-04-12T05:49:56.815Z"}}, {"model": "sessions.session", "pk": "pvge5z1bw0ht72mwvitmjr3jcmz2xpm3", "fields": {"session_data": ".eJxVjMsOwiAQRf-FtSEO0_Jw6b7fQAYYpGogKe3K-O_apAvd3nPOfQlP21r81nnxcxIXAeL0uwWKD647SHeqtyZjq-syB7kr8qBdTi3x83q4fweFevnWaKIeVcxhMDkrZwKaYNACWqVTPjuENOagEIDTwGgZrANH2mCErAnF-wPRtTdR:1lJyUq:1QW_3x6quSmVUOilYJxGWaIOvdTr_ciPzZ7cp9AI_UQ", "expire_date": "2021-03-24T13:03:28.811Z"}}, {"model": "sessions.session", "pk": "syac55foqglwz9fuelvjn5yin0q22qk5", "fields": {"session_data": ".eJxVjMsOwiAQRf-FtSEO0_Jw6b7fQAYYpGogKe3K-O_apAvd3nPOfQlP21r81nnxcxIXAeL0uwWKD647SHeqtyZjq-syB7kr8qBdTi3x83q4fweFevnWaKIeVcxhMDkrZwKaYNACWqVTPjuENOagEIDTwGgZrANH2mCErAnF-wPRtTdR:1lTObX:VncTlCMR7Wu81GeTc3N9GS0zaAYrNIIetBhGRyNHrMA", "expire_date": "2021-04-19T12:45:19.008Z"}}, {"model": "sessions.session", "pk": "tiwhzz30bn1cjlfwjsis904z8sjf7cu5", "fields": {"session_data": ".eJxVjMsOwiAQRf-FtSEO0_Jw6b7fQAYYpGogKe3K-O_apAvd3nPOfQlP21r81nnxcxIXAeL0uwWKD647SHeqtyZjq-syB7kr8qBdTi3x83q4fweFevnWaKIeVcxhMDkrZwKaYNACWqVTPjuENOagEIDTwGgZrANH2mCErAnF-wPRtTdR:1lav2h:9hXjdyIuv37TFslwJAXPqySHphJsA7NvnKOYvRJxI_c", "expire_date": "2021-05-10T06:48:27.504Z"}}, {"model": "sessions.session", "pk": "vu6119v29y4zajqkmj6x80g1gl9vj3lg", "fields": {"session_data": ".eJxVjMsOwiAQRf-FtSEO0_Jw6b7fQAYYpGogKe3K-O_apAvd3nPOfQlP21r81nnxcxIXAeL0uwWKD647SHeqtyZjq-syB7kr8qBdTi3x83q4fweFevnWaKIeVcxhMDkrZwKaYNACWqVTPjuENOagEIDTwGgZrANH2mCErAnF-wPRtTdR:1lLnC1:nPHFsO_n_saM5DjXFqSqfSXEFjcLuVX0O6MRGugt37M", "expire_date": "2021-03-29T13:23:33.448Z"}}, {"model": "Director.director", "pk": 5, "fields": {"name": "Астахова Дарья Алексеевна", "inn": "091701167215", "date_of_birth": "1999-04-01", "place_of_birth": "гор. Черкеск КЧР", "id_passport": "6019512841", "date_of_issue": "08.05.2019", "issued_by": "ГУ МВД России по Ростовской области", "department_сode": "610-018", "street": "Ростовская обл. Азовский р-н с. Кулешовка", "house": "д.37 кв 27"}}, {"model": "Director.director", "pk": 6, "fields": {"name": "Бондаренко Дмитрий Сергеевич", "inn": "614002323590", "date_of_birth": "1999-09-09", "place_of_birth": "гор. Азов Ростовской обл.", "id_passport": "6019653634", "date_of_issue": "30.09.2019", "issued_by": "ГУ МВД России по Ростовской области", "department_сode": "610-018", "street": "ДНТ МИЧУРИНЕЦ-5 ул. Утренних Зорь", "house": "д.26"}}, {"model": "Director.director", "pk": 7, "fields": {"name": "Бурьяненко Владимир Алексеевич", "inn": "614005963630", "date_of_birth": "2002-01-04", "place_of_birth": "гор. Азов Ростовской обл.", "id_passport": "6015901038", "date_of_issue": "02.02.2016", "issued_by": "ОТДЕЛОМ УФМС РОССИИ ПО РОСТОВСКОЙ ОБЛАСТИ В Г. АЗОВЕ", "department_сode": "610-017", "street": "г. Азов Кондаурова", "house": "д. 54А кв. 1"}}, {"model": "Director.director", "pk": 8, "fields": {"name": "Дугаев Дмитрий Николаевич", "inn": "614089930412", "date_of_birth": "2001-12-05", "place_of_birth": "Турция  г.Трабзон, вилайет Трабзон", "id_passport": "6015900303", "date_of_issue": "28.12.2015", "issued_by": "ОТДЕЛОМ УФМС РОССИИ ПО РОСТОВСКОЙ ОБЛАСТИ В Г. АЗОВЕ", "department_сode": "610-017", "street": "г. Азов Ленинградская", "house": "д. 151"}}, {"model": "Director.director", "pk": 9, "fields": {"name": "Олейникова Наталья Ивановна", "inn": "615109415020", "date_of_birth": "1995-07-24", "place_of_birth": "гор. Новошахтинск Ростовской обл.", "id_passport": "6015871957", "date_of_issue": "07.12.2015", "issued_by": "отделом УФМС России по Ростовской области в г. Новошахтинске", "department_сode": "610-048", "street": "г. Новошахтинск ул Садовая", "house": "д. 128"}}, {"model": "Director.director", "pk": 10, "fields": {"name": "Саакян Саркис Александрович", "inn": "612202999328", "date_of_birth": "1997-02-25", "place_of_birth": "с. КРЫМ МЯСНИКОВСКОГО Р-НА РОСТОВСКОЙ ОБЛ.", "id_passport": "6019701301", "date_of_issue": "21.01.2020", "issued_by": "ГУ МВД РОССИИ ПО РОСТОВСКОЙ ОБЛАСТИ", "department_сode": "610-046", "street": "с. КРЫМ ул. ПРОЛЕТАРСКАЯ 2-Я", "house": "д.13 кв. 2"}}, {"model": "Director.director", "pk": 11, "fields": {"name": "Филенко Станислав Андреевич", "inn": "614002331209", "date_of_birth": "2000-06-05", "place_of_birth": "гор. Азов Ростовской обл.", "id_passport": "6020924909", "date_of_issue": "06.06.2020", "issued_by": "ГУ МВД России по Ростовской области", "department_сode": "610-018", "street": "г. Азов Васильева", "house": "д.88А кв.29"}}, {"model": "Director.director", "pk": 12, "fields": {"name": "Филимонов Владимир Павлович", "inn": "615148556144", "date_of_birth": "1997-07-27", "place_of_birth": "гор. Аксай Ростовской обл.", "id_passport": "6017179858", "date_of_issue": "15.08.2017", "issued_by": "отделом УФМС России по Ростовской области в г. Новошахтинске", "department_сode": "610-048", "street": "г. Новошахтинск Ул. Серафимовича", "house": "д.6"}}, {"model": "Director.director", "pk": 13, "fields": {"name": "Яковлева Анна Андреевна", "inn": "610106555100", "date_of_birth": "2000-02-18", "place_of_birth": "гор. Батайск Ростовской Обл.", "id_passport": "6019839233", "date_of_issue": "03.03.2020", "issued_by": "ГУ МВД России по Ростовской области", "department_сode": "610-018", "street": "Ростовская обл. Азовский р-н ДНТ Ягодка-2 Сливовая", "house": "д.7"}}, {"model": "Director.director", "pk": 14, "fields": {"name": "Яровой Денис Вячеславович", "inn": "614008401318", "date_of_birth": "2000-02-05", "place_of_birth": "гор. Абинск Краснодарского края", "id_passport": "6019839258", "date_of_issue": "05.03.2020", "issued_by": "ГУ МВД России по Ростовской области", "department_сode": "610-018", "street": "г. Азов пер. Черноморский", "house": "д. 14-А"}}, {"model": "Company.company", "pk": 14, "fields": {"name": "ООО \"РАКЕТА\"", "slug": "raketa", "inn": "6168113693", "okved": "1", "legal_address": "344091,Ростовская обл,город Ростов-на-Дону г.о.,Ростов-на-Дону г,2-я Краснодарская ул,д. 96/2,офис 112", "legal_city": "Ростов-на- Дону", "date_of_application": "05.03.2021", "registration_date": "11.03.2021", "charter_number": "21", "email": "raketa39@mailtorg.ru", "directors": 5, "bankaccount": null}}, {"model": "Company.company", "pk": 15, "fields": {"name": "ООО \"ОПТОВАЯТОРГОВЛЯ\"", "slug": "optovayatorgovlya", "inn": "6167200463", "okved": "1", "legal_address": "344019, г.Ростов-на-Дону, Пролетарский район, ул. 19-я линия, дом No5, офис 1", "legal_city": "Ростов-на- Дону", "date_of_application": "05.03.2021", "registration_date": "11.03.2021", "charter_number": "24", "email": "optovayatorgovlya36@mailtorg.ru", "directors": 5, "bankaccount": null}}, {"model": "Company.company", "pk": 16, "fields": {"name": "ООО \"КПТ\"", "slug": "kpt", "inn": "6166121561", "okved": "1", "legal_address": "344020, г. Ростов-на-Дону, ул. Курчатова, д.50 оф. №24", "legal_city": "Ростов-на- Дону", "date_of_application": "11.02.2021", "registration_date": "16.02.2021", "charter_number": "22", "email": "kpt16@mailtorg.ru", "directors": 5, "bankaccount": null}}, {"model": "Company.company", "pk": 17, "fields": {"name": "ООО \"ПАРСЕР\"", "slug": "parser", "inn": "6162085640", "okved": "1", "legal_address": "344034,Ростовская обл,город Ростов-на-Дону г.о.,Ростов-на-Дону г,Стачки пр-кт,д. 9,ком. 65", "legal_city": "Ростов-на- Дону", "date_of_application": "09.03.2021", "registration_date": "15.03.2021", "charter_number": "22", "email": "parser04@mailtorg.ru", "directors": 6, "bankaccount": null}}, {"model": "Company.company", "pk": 18, "fields": {"name": "ООО \"АвтоПилот98\"", "slug": "avtopilot98", "inn": "6166121579", "okved": "1", "legal_address": "344093,Ростовская обл,город Ростов-на-Дону г.о.,Ростов-на-Дону г,Днепропетровская ул,д. 52,ком. 8", "legal_city": "Ростов-на- Дону", "date_of_application": "11.02.2021", "registration_date": "16.02.2021", "charter_number": "24", "email": "avtopilot9897@mailtorg.ru", "directors": 6, "bankaccount": null}}, {"model": "Company.company", "pk": 19, "fields": {"name": "ООО \"ВОСТОК\"", "slug": "vostok", "inn": "6168113686", "okved": "1", "legal_address": "344091,Ростовская обл,город Ростов-на-Дону г.о.,Ростов-на-Дону г,Малиновского ул,д. 3б,офис 32/2", "legal_city": "Ростов-на- Дону", "date_of_application": "05.03.2021", "registration_date": "11.03.2021", "charter_number": "22", "email": "vostok68@mailtorg.ru", "directors": 7, "bankaccount": null}}, {"model": "Company.company", "pk": 20, "fields": {"name": "ООО \"Победа\"", "slug": "pobeda", "inn": "6165228103", "okved": "1", "legal_address": "344010,Ростовская обл,город Ростов-на-Дону г.о.,Ростов-на-Дону г,Платона Кляты ул,д. 9,помещ. 34", "legal_city": "Ростов-на- Дону", "date_of_application": "11.02.2021", "registration_date": "16.02.2021", "charter_number": "22", "email": "pobeda30@mailtorg.ru", "directors": 7, "bankaccount": null}}, {"model": "Company.company", "pk": 21, "fields": {"name": "ООО \"ИНКОМ\"", "slug": "inkom", "inn": "6164134484", "okved": "1", "legal_address": "344002,Ростовская обл,город Ростов-на-Дону г.о.,Ростов-на-Дону г,Московская ул,д. 43/13,офис 311", "legal_city": "Ростов-на- Дону", "date_of_application": "05.03.2021", "registration_date": "11.03.2021", "charter_number": "21", "email": "inkom48@mailtorg.ru", "directors": 8, "bankaccount": null}}, {"model": "Company.company", "pk": 22, "fields": {"name": "ООО \"Тлк-Экспресс\"", "slug": "tlk-ekspress", "inn": "6166121515", "okved": "1", "legal_address": "344091, Ростовская область, Ростов-на- Дону город, Металургическая улица , дом 117/62, помещение 2 Б", "legal_city": "Ростов-на- Дону", "date_of_application": "04.02.2021", "registration_date": "09.02.2021", "charter_number": "24", "email": "tlk-ekspress51@mailtorg.ru", "directors": 8, "bankaccount": null}}, {"model": "Company.company", "pk": 23, "fields": {"name": "ООО \"АЛТРАК\"", "slug": "altrak", "inn": "6164134445", "okved": "1", "legal_address": "344082,Ростовская обл,город Ростов-на-Дону г.о.,Ростов-на-Дону г,Максима Горького ул,д. 49,офис 5", "legal_city": "Ростов-на- Дону", "date_of_application": "05.03.2021", "registration_date": "11.03.2021", "charter_number": "24", "email": "altrak54@mailtorg.ru", "directors": 9, "bankaccount": null}}, {"model": "Company.company", "pk": 24, "fields": {"name": "ООО \"СУ\"", "slug": "su", "inn": "6166121554", "okved": "1", "legal_address": "344065,Ростовская обл,город Ростов-на-Дону г.о.,Ростов-на-Дону г,Троллейбусная ул,зд. 24/2в 6 этаж помещение №16", "legal_city": "Ростов-на- Дону", "date_of_application": "11.02.2021", "registration_date": "16.02.2021", "charter_number": "23", "email": "su45@mailtorg.ru", "directors": 9, "bankaccount": null}}, {"model": "Company.company", "pk": 25, "fields": {"name": "ООО \"ВАЛЬГАЛА\"", "slug": "valgala", "inn": "6164133924", "okved": "1", "legal_address": "344013,Ростовская обл,город Ростов-на-Дону г.о.,Ростов-на-Дону г,12-го Февраля ул,д. 1а оф 3", "legal_city": "Ростов-на- Дону", "date_of_application": "13.01.2021", "registration_date": "19.01.2021", "charter_number": "23", "email": "valgala42@mailtorg.ru", "directors": 9, "bankaccount": null}}, {"model": "Company.company", "pk": 26, "fields": {"name": "ООО \"АЛЬТИНГ\"", "slug": "alting", "inn": "6162085270", "okved": "1", "legal_address": "344101,Ростовская обл,город Ростов-на-Дону г.о.,Ростов-на-Дону г,Межевая ул,двлд. 113 каб. 4", "legal_city": "Ростов-на- Дону", "date_of_application": "14.01.2021", "registration_date": "20.01.2021", "charter_number": "21", "email": "alting07@mailtorg.ru", "directors": 10, "bankaccount": null}}, {"model": "Company.company", "pk": 27, "fields": {"name": "ООО \"ЗерноМука\"", "slug": "zernomuka", "inn": "6168113534", "okved": "1", "legal_address": "344091,Ростовская обл,город Ростов-на-Дону г.о.,Ростов-на-Дону г,Каширская ул,д. 16/1,кв. 45,ком. 65", "legal_city": "Ростов-на- Дону", "date_of_application": "11.02.2021", "registration_date": "17.02.2021", "charter_number": "24", "email": "zernomuka43@mailtorg.ru", "directors": 11, "bankaccount": null}}, {"model": "Company.company", "pk": 28, "fields": {"name": "ООО \"ВОЗКОМ\"", "slug": "vozkom", "inn": "6165228382", "okved": "1", "legal_address": "344011,Ростовская обл,город Ростов-на-Дону г.о.,Ростов-на-Дону г,Буденновский пр-кт,влд. 93/295,офис 543", "legal_city": "Ростов-на- Дону", "date_of_application": "05.03.2021", "registration_date": "11.03.2021", "charter_number": "23", "email": "vozkom28@mailtorg.ru", "directors": 11, "bankaccount": null}}, {"model": "Company.company", "pk": 29, "fields": {"name": "ООО \"СПК21\"", "slug": "spk21", "inn": "6161093617", "okved": "1", "legal_address": "344113,Ростовская обл,город Ростов-на-Дону г.о.,Ростов-на-Дону г,Космонавтов пр-кт,д. 37,офис 38", "legal_city": "Ростов-на- Дону", "date_of_application": "05.03.2021", "registration_date": "11.03.2021", "charter_number": "23", "email": "spk2171@mailtorg.ru", "directors": 12, "bankaccount": null}}, {"model": "Company.company", "pk": 30, "fields": {"name": "ООО \"Экопродукт\"", "slug": "ekoprodukt", "inn": "6161093455", "okved": "1", "legal_address": "344092, г. Ростов-на-Дону, Королева, 5/1, Литер А, офис 6", "legal_city": "Ростов-на- Дону", "date_of_application": "04.02.2021", "registration_date": "09.02.2021", "charter_number": "21", "email": "ekoprodukt55@mailtorg.ru", "directors": 12, "bankaccount": null}}, {"model": "Company.company", "pk": 31, "fields": {"name": "ООО \"ПК СТРОЙПОМ\"", "slug": "pk-strojpom", "inn": "6167200015", "okved": "1", "legal_address": "344019,Ростовская обл,город Ростов-на-Дону г.о.,Ростов-на-Дону г,Советская ул,д. 21 комната 5", "legal_city": "Ростов-на-Дону", "date_of_application": "13.01.2021", "registration_date": "19.01.2021", "charter_number": "21", "email": "pk-strojpom51@mailtorg.ru", "directors": 12, "bankaccount": null}}, {"model": "Company.company", "pk": 32, "fields": {"name": "ООО \"ДЕЛАВТО\"", "slug": "delavto", "inn": "6164134491", "okved": "1", "legal_address": "344082,Ростовская обл,город Ростов-на-Дону г.о.,Ростов-на-Дону г,Красноармейская ул,д. 96,офис 4А", "legal_city": "Ростов-на- Дону", "date_of_application": "05.03.2021", "registration_date": "11.03.2021", "charter_number": "21", "email": "delavto19@mailtorg.ru", "directors": 13, "bankaccount": null}}, {"model": "Company.company", "pk": 33, "fields": {"name": "ООО \"АВТОЛАЙНЕР161\"", "slug": "avtolajner161", "inn": "6165228390", "okved": "1", "legal_address": "344010,Ростовская обл,город Ростов-на-Дону г.о.,Ростов-на-Дону г,Петренко ул,д. 2,офис 78", "legal_city": "Ростов-на- Дону", "date_of_application": "05.03.2021", "registration_date": "11.03.2021", "charter_number": "22", "email": "avtolajner16109@mailtorg.ru", "directors": 13, "bankaccount": null}}, {"model": "Company.company", "pk": 34, "fields": {"name": "ООО \"ТрансКап\"", "slug": "transkap", "inn": "6166121610", "okved": "1", "legal_address": "344065,Ростовская обл,город Ростов-на-Дону г.о.,Ростов-на-Дону г,Троллейбусная ул,зд. 24/2в,офис 29/Этаж 8", "legal_city": "Ростов-на- Дону", "date_of_application": "11.02.2021", "registration_date": "17.02.2021", "charter_number": "21", "email": "transkap01@mailtorg.ru", "directors": 14, "bankaccount": null}}, {"model": "bank.bank", "pk": 1, "fields": {"name": "Открытие"}}, {"model": "bank.bank", "pk": 2, "fields": {"name": "Альфа-Банк"}}, {"model": "bank.bank", "pk": 3, "fields": {"name": "Модуль-Банк"}}, {"model": "bank.bank", "pk": 4, "fields": {"name": "Райффайзен"}}, {"model": "bank.bankaccount", "pk": 26, "fields": {"company": 14, "bank": 4, "login_bank": "raketa89", "password_bank": "ASDzxc123qwe", "date_created": "2021-04-26T09:22:52.039Z", "date_updated": "2021-04-26T09:49:52.949Z", "balance": "657.10"}}, {"model": "bank.bankaccount", "pk": 27, "fields": {"company": 14, "bank": 1, "login_bank": "raketa", "password_bank": "!@#123QWEasdzxc", "date_created": "2021-04-26T09:23:09.984Z", "date_updated": "2021-04-26T11:42:46.320Z", "balance": "33.59"}}, {"model": "bank.bankaccount", "pk": 28, "fields": {"company": 14, "bank": 2, "login_bank": "KPT67@mailtorg.ru", "password_bank": "ASDzxc123qwe", "date_created": "2021-04-26T09:23:29.963Z", "date_updated": "2021-04-26T11:03:51.409Z", "balance": "562.05"}}, {"model": "bank.bankaccount", "pk": 29, "fields": {"company": 15, "bank": 4, "login_bank": "raketa89", "password_bank": "ASDzxc123qwe", "date_created": "2021-04-26T09:24:08.250Z", "date_updated": "2021-04-26T09:24:08.250Z", "balance": "0.00"}}, {"model": "bank.bankaccount", "pk": 30, "fields": {"company": 15, "bank": 1, "login_bank": "raketa", "password_bank": "!@#123QWEasdzxc", "date_created": "2021-04-26T09:24:35.691Z", "date_updated": "2021-04-26T11:42:42.623Z", "balance": "33.59"}}, {"model": "bank.bankaccount", "pk": 31, "fields": {"company": 15, "bank": 2, "login_bank": "KPT67@mailtorg.ru", "password_bank": "ASDzxc123qwe", "date_created": "2021-04-26T09:24:52.088Z", "date_updated": "2021-04-26T11:03:51.446Z", "balance": "420.00"}}, {"model": "bank.bankaccount", "pk": 32, "fields": {"company": 16, "bank": 4, "login_bank": "kpt67", "password_bank": "ASDzxc123qwe", "date_created": "2021-04-26T09:25:23.819Z", "date_updated": "2021-04-26T10:12:01.746Z", "balance": "464156.87"}}, {"model": "bank.bankaccount", "pk": 33, "fields": {"company": 16, "bank": 1, "login_bank": "KPT8923", "password_bank": "!@#123QWEasdzxc", "date_created": "2021-04-26T09:25:43.455Z", "date_updated": "2021-04-26T11:42:37.285Z", "balance": "848.45"}}, {"model": "bank.bankaccount", "pk": 34, "fields": {"company": 16, "bank": 2, "login_bank": "KPT67@mailtorg.ru", "password_bank": "ASDzxc123qwe", "date_created": "2021-04-26T09:26:05.493Z", "date_updated": "2021-04-26T09:26:05.493Z", "balance": "0.00"}}, {"model": "bank.bankaccount", "pk": 35, "fields": {"company": 17, "bank": 4, "login_bank": "Parser", "password_bank": "ASDzxc123qwe", "date_created": "2021-04-26T09:26:36.714Z", "date_updated": "2021-04-26T09:26:36.714Z", "balance": "0.00"}}, {"model": "bank.bankaccount", "pk": 36, "fields": {"company": 17, "bank": 1, "login_bank": "Parser", "password_bank": "!@#123QWEasdzxc", "date_created": "2021-04-26T09:26:53.684Z", "date_updated": "2021-04-26T09:26:53.684Z", "balance": "0.00"}}, {"model": "bank.bankaccount", "pk": 37, "fields": {"company": 17, "bank": 2, "login_bank": "89675557624Piot@mailtorg.ru", "password_bank": "ASDzxc123qwe", "date_created": "2021-04-26T09:27:23.171Z", "date_updated": "2021-04-26T11:47:04.058Z", "balance": "123678.77"}}, {"model": "bank.bankaccount", "pk": 38, "fields": {"company": 18, "bank": 4, "login_bank": "Avtopilot", "password_bank": "ASDzxc123qwe", "date_created": "2021-04-26T09:27:47.472Z", "date_updated": "2021-04-26T10:12:00.853Z", "balance": "218.21"}}, {"model": "bank.bankaccount", "pk": 39, "fields": {"company": 18, "bank": 1, "login_bank": "AVTOPILOT", "password_bank": "!@#123QWEasdzxc", "date_created": "2021-04-26T09:28:28.901Z", "date_updated": "2021-04-26T11:40:39.712Z", "balance": "174.02"}}, {"model": "bank.bankaccount", "pk": 40, "fields": {"company": 18, "bank": 2, "login_bank": "89675557624Piot@mailtorg.ru", "password_bank": "ASDzxc123qwe", "date_created": "2021-04-26T09:28:47.182Z", "date_updated": "2021-04-26T09:28:47.182Z", "balance": "0.00"}}, {"model": "bank.bankaccount", "pk": 41, "fields": {"company": 19, "bank": 1, "login_bank": "Vostok21", "password_bank": "!@#123QWEasdzxc", "date_created": "2021-04-26T09:29:06.795Z", "date_updated": "2021-04-26T11:41:40.496Z", "balance": "374.80"}}, {"model": "bank.bankaccount", "pk": 42, "fields": {"company": 19, "bank": 2, "login_bank": "pobeda@mailtorg.ru", "password_bank": "ASDzxc123qwe", "date_created": "2021-04-26T09:29:25.291Z", "date_updated": "2021-04-26T11:48:19.351Z", "balance": "134.30"}}, {"model": "bank.bankaccount", "pk": 43, "fields": {"company": 20, "bank": 4, "login_bank": "pobeda10", "password_bank": "ASDzxc123qwe", "date_created": "2021-04-26T09:29:50.240Z", "date_updated": "2021-04-26T09:29:50.240Z", "balance": "0.00"}}, {"model": "bank.bankaccount", "pk": 44, "fields": {"company": 20, "bank": 1, "login_bank": "POBEDAAA", "password_bank": "!@#123QWEasdzxc", "date_created": "2021-04-26T09:30:09.701Z", "date_updated": "2021-04-26T11:44:42.616Z", "balance": "224.61"}}, {"model": "bank.bankaccount", "pk": 45, "fields": {"company": 20, "bank": 2, "login_bank": "pobeda@mailtorg.ru", "password_bank": "ASDzxc123qwe", "date_created": "2021-04-26T09:30:25.436Z", "date_updated": "2021-04-26T09:30:25.436Z", "balance": "0.00"}}, {"model": "bank.bankaccount", "pk": 46, "fields": {"company": 21, "bank": 1, "login_bank": "INKOM12", "password_bank": "!@#123QWEasdzxc", "date_created": "2021-04-26T09:30:46.685Z", "date_updated": "2021-04-26T09:30:46.685Z", "balance": "0.00"}}, {"model": "bank.bankaccount", "pk": 47, "fields": {"company": 21, "bank": 2, "login_bank": "tlk@mailtorg.ru", "password_bank": "ASDzxc123qwe", "date_created": "2021-04-26T09:31:07.183Z", "date_updated": "2021-04-26T11:48:30.682Z", "balance": "38.00"}}, {"model": "bank.bankaccount", "pk": 48, "fields": {"company": 22, "bank": 4, "login_bank": "Tlk45", "password_bank": "ASDzxc123qwe", "date_created": "2021-04-26T09:32:20.796Z", "date_updated": "2021-04-26T10:13:13.909Z", "balance": "1938.50"}}, {"model": "bank.bankaccount", "pk": 49, "fields": {"company": 22, "bank": 1, "login_bank": "TLK891", "password_bank": "!@#123QWEasdzxc", "date_created": "2021-04-26T09:32:41.916Z", "date_updated": "2021-04-26T11:39:23.516Z", "balance": "330.23"}}, {"model": "bank.bankaccount", "pk": 50, "fields": {"company": 22, "bank": 2, "login_bank": "tlk@mailtorg.ru", "password_bank": "ASDzxc123qwe", "date_created": "2021-04-26T09:33:00.164Z", "date_updated": "2021-04-26T09:33:00.164Z", "balance": "0.00"}}, {"model": "bank.bankaccount", "pk": 51, "fields": {"company": 23, "bank": 4, "login_bank": "Altrak", "password_bank": "ASDzxc123qwe", "date_created": "2021-04-26T09:33:19.740Z", "date_updated": "2021-04-26T10:12:48.031Z", "balance": "1165.48"}}, {"model": "bank.bankaccount", "pk": 52, "fields": {"company": 23, "bank": 1, "login_bank": "ALTRAK", "password_bank": "!@#123QWEasdzxc", "date_created": "2021-04-26T09:33:36.299Z", "date_updated": "2021-04-26T11:11:45.280Z", "balance": "108.02"}}, {"model": "bank.bankaccount", "pk": 53, "fields": {"company": 23, "bank": 2, "login_bank": "ol2@mailtorg.ru", "password_bank": "ASDzxc123qwe", "date_created": "2021-04-26T09:33:52.720Z", "date_updated": "2021-04-26T11:47:17.390Z", "balance": "388.00"}}, {"model": "bank.bankaccount", "pk": 54, "fields": {"company": 24, "bank": 4, "login_bank": "SU88", "password_bank": "ASDzxc123qwe", "date_created": "2021-04-26T09:34:16.040Z", "date_updated": "2021-04-26T09:34:16.041Z", "balance": "0.00"}}, {"model": "bank.bankaccount", "pk": 55, "fields": {"company": 24, "bank": 1, "login_bank": "SU8909", "password_bank": "!@#123QWEasdzxc", "date_created": "2021-04-26T09:34:35.749Z", "date_updated": "2021-04-26T11:39:48.385Z", "balance": "976.10"}}, {"model": "bank.bankaccount", "pk": 56, "fields": {"company": 24, "bank": 2, "login_bank": "ol2@mailtorg.ru", "password_bank": "ASDzxc123qwe", "date_created": "2021-04-26T09:34:56.086Z", "date_updated": "2021-04-26T09:34:56.086Z", "balance": "0.00"}}, {"model": "bank.bankaccount", "pk": 57, "fields": {"company": 25, "bank": 1, "login_bank": "VIKING", "password_bank": "!@#123QWEasdzxc", "date_created": "2021-04-26T09:35:18.492Z", "date_updated": "2021-04-26T11:40:52.310Z", "balance": "676.00"}}, {"model": "bank.bankaccount", "pk": 58, "fields": {"company": 25, "bank": 2, "login_bank": "ol2@mailtorg.ru", "password_bank": "ASDzxc123qwe", "date_created": "2021-04-26T09:35:36.816Z", "date_updated": "2021-04-26T11:47:17.349Z", "balance": "0.00"}}, {"model": "bank.bankaccount", "pk": 59, "fields": {"company": 27, "bank": 4, "login_bank": "zerno12", "password_bank": "ASDzxc123qwe", "date_created": "2021-04-26T09:35:58.073Z", "date_updated": "2021-04-26T10:16:00.567Z", "balance": "0.00"}}, {"model": "bank.bankaccount", "pk": 60, "fields": {"company": 27, "bank": 1, "login_bank": "zerno12", "password_bank": "!@#123QWEasdzxc", "date_created": "2021-04-26T09:36:20.669Z", "date_updated": "2021-04-26T11:43:47.019Z", "balance": "93.80"}}, {"model": "bank.bankaccount", "pk": 61, "fields": {"company": 27, "bank": 2, "login_bank": "Zerno@mailtorg.ru", "password_bank": "ASDzxc123qwe", "date_created": "2021-04-26T09:36:40.928Z", "date_updated": "2021-04-26T09:36:40.928Z", "balance": "0.00"}}, {"model": "bank.bankaccount", "pk": 62, "fields": {"company": 28, "bank": 4, "login_bank": "Vozkom", "password_bank": "ASDzxc123qwe", "date_created": "2021-04-26T09:37:05.266Z", "date_updated": "2021-04-26T09:37:05.266Z", "balance": "0.00"}}, {"model": "bank.bankaccount", "pk": 63, "fields": {"company": 28, "bank": 1, "login_bank": "VOZKOM", "password_bank": "!@#123QWEasdzxc", "date_created": "2021-04-26T09:37:21.687Z", "date_updated": "2021-04-26T11:33:41.134Z", "balance": "0.00"}}, {"model": "bank.bankaccount", "pk": 64, "fields": {"company": 28, "bank": 2, "login_bank": "Zerno@mailtorg.ru", "password_bank": "ASDzxc123qwe", "date_created": "2021-04-26T09:37:39.633Z", "date_updated": "2021-04-26T11:47:01.967Z", "balance": "766.28"}}, {"model": "bank.bankaccount", "pk": 65, "fields": {"company": 29, "bank": 1, "login_bank": "SPK212", "password_bank": "!@#123QWEasdzxc", "date_created": "2021-04-26T09:38:02.157Z", "date_updated": "2021-04-26T11:11:31.586Z", "balance": "0.00"}}, {"model": "bank.bankaccount", "pk": 66, "fields": {"company": 29, "bank": 2, "login_bank": "stprom@mailtorg.ru", "password_bank": "ASDzxc123qwe", "date_created": "2021-04-26T09:38:25.092Z", "date_updated": "2021-04-26T11:49:26.561Z", "balance": "497809.00"}}, {"model": "bank.bankaccount", "pk": 67, "fields": {"company": 30, "bank": 4, "login_bank": "Ecopod", "password_bank": "ASDzxc123qwe", "date_created": "2021-04-26T09:39:08.331Z", "date_updated": "2021-04-26T09:39:08.331Z", "balance": "0.00"}}, {"model": "bank.bankaccount", "pk": 68, "fields": {"company": 30, "bank": 1, "login_bank": "Ecopod", "password_bank": "!@#123QWEasdzxc", "date_created": "2021-04-26T09:39:27.232Z", "date_updated": "2021-04-26T11:43:46.526Z", "balance": "140.95"}}, {"model": "bank.bankaccount", "pk": 69, "fields": {"company": 30, "bank": 2, "login_bank": "stprom@mailtorg.ru", "password_bank": "ASDzxc123qwe", "date_created": "2021-04-26T09:39:47.003Z", "date_updated": "2021-04-26T09:39:47.004Z", "balance": "0.00"}}, {"model": "bank.bankaccount", "pk": 70, "fields": {"company": 31, "bank": 4, "login_bank": "stprom12", "password_bank": "ASDzxc123qwe", "date_created": "2021-04-26T09:40:10.009Z", "date_updated": "2021-04-26T09:40:10.009Z", "balance": "0.00"}}, {"model": "bank.bankaccount", "pk": 71, "fields": {"company": 31, "bank": 1, "login_bank": "Stroipo", "password_bank": "!@#123QWEasdzxc", "date_created": "2021-04-26T09:40:23.515Z", "date_updated": "2021-04-26T11:43:51.141Z", "balance": "61.96"}}, {"model": "bank.bankaccount", "pk": 72, "fields": {"company": 31, "bank": 2, "login_bank": "stprom@mailtorg.ru", "password_bank": "ASDzxc123qwe", "date_created": "2021-04-26T09:40:40.185Z", "date_updated": "2021-04-26T11:49:26.516Z", "balance": "0.00"}}, {"model": "bank.bankaccount", "pk": 73, "fields": {"company": 32, "bank": 4, "login_bank": "del71", "password_bank": "ASDzxc123qwe", "date_created": "2021-04-26T09:40:59.518Z", "date_updated": "2021-04-26T09:40:59.518Z", "balance": "0.00"}}, {"model": "bank.bankaccount", "pk": 74, "fields": {"company": 32, "bank": 1, "login_bank": "DELAVTO", "password_bank": "!@#123QWEasdzxc", "date_created": "2021-04-26T09:41:15.803Z", "date_updated": "2021-04-26T11:45:39.197Z", "balance": "159.00"}}, {"model": "bank.bankaccount", "pk": 75, "fields": {"company": 32, "bank": 2, "login_bank": "Del71@mailtorg.ru", "password_bank": "ASDzxc123qwe", "date_created": "2021-04-26T09:41:37.940Z", "date_updated": "2021-04-26T11:49:46.738Z", "balance": "68.63"}}, {"model": "bank.bankaccount", "pk": 76, "fields": {"company": 33, "bank": 4, "login_bank": "avtolaener", "password_bank": "ASDzxc123qwe", "date_created": "2021-04-26T09:42:04.297Z", "date_updated": "2021-04-26T09:42:04.297Z", "balance": "0.00"}}, {"model": "bank.bankaccount", "pk": 77, "fields": {"company": 33, "bank": 1, "login_bank": "avtolaener", "password_bank": "!@#123QWEasdzxc", "date_created": "2021-04-26T09:42:20.217Z", "date_updated": "2021-04-26T11:45:37.635Z", "balance": "672.60"}}, {"model": "bank.bankaccount", "pk": 78, "fields": {"company": 33, "bank": 2, "login_bank": "Del71@mailtorg.ru", "password_bank": "ASDzxc123qwe", "date_created": "2021-04-26T09:42:35.339Z", "date_updated": "2021-04-26T11:49:46.788Z", "balance": "302.00"}}]